-- --------------------------------------------------------
-- Host:                         127.0.0.1
-- Versión del servidor:         8.4.3 - MySQL Community Server - GPL
-- SO del servidor:              Win64
-- HeidiSQL Versión:             12.8.0.6908
-- --------------------------------------------------------

/*!40101 SET @OLD_CHARACTER_SET_CLIENT=@@CHARACTER_SET_CLIENT */;
/*!40101 SET NAMES utf8 */;
/*!50503 SET NAMES utf8mb4 */;
/*!40103 SET @OLD_TIME_ZONE=@@TIME_ZONE */;
/*!40103 SET TIME_ZONE='+00:00' */;
/*!40014 SET @OLD_FOREIGN_KEY_CHECKS=@@FOREIGN_KEY_CHECKS, FOREIGN_KEY_CHECKS=0 */;
/*!40101 SET @OLD_SQL_MODE=@@SQL_MODE, SQL_MODE='NO_AUTO_VALUE_ON_ZERO' */;
/*!40111 SET @OLD_SQL_NOTES=@@SQL_NOTES, SQL_NOTES=0 */;


-- Volcando estructura de base de datos para polleria_db
CREATE DATABASE IF NOT EXISTS `polleria_db` /*!40100 DEFAULT CHARACTER SET utf8mb4 COLLATE utf8mb4_unicode_ci */ /*!80016 DEFAULT ENCRYPTION='N' */;
USE `polleria_db`;

-- Volcando estructura para tabla polleria_db.audit_log
CREATE TABLE IF NOT EXISTS `audit_log` (
  `id` int NOT NULL AUTO_INCREMENT,
  `usuario_id` int DEFAULT NULL,
  `accion` varchar(100) NOT NULL,
  `modulo` varchar(50) NOT NULL,
  `descripcion` text,
  `ip` varchar(50) DEFAULT NULL,
  `resultado` enum('ok','error') DEFAULT 'ok',
  `datos` json DEFAULT NULL,
  `created_at` timestamp NOT NULL DEFAULT CURRENT_TIMESTAMP,
  PRIMARY KEY (`id`),
  KEY `usuario_id` (`usuario_id`)
) ENGINE=InnoDB AUTO_INCREMENT=6 DEFAULT CHARSET=utf8mb4 COLLATE=utf8mb4_0900_ai_ci;

-- Volcando datos para la tabla polleria_db.audit_log: ~2 rows (aproximadamente)
DELETE FROM `audit_log`;
INSERT INTO `audit_log` (`id`, `usuario_id`, `accion`, `modulo`, `descripcion`, `ip`, `resultado`, `datos`, `created_at`) VALUES
	(1, 1, 'LOGIN_FALLIDO', 'auth', 'Contraseña incorrecta', '::1', 'error', NULL, '2026-03-03 17:12:23'),
	(2, 1, 'VENTA_CREAR', 'ventas', 'Venta registrada: T-000004 por S/. 65.00', '::1', 'ok', '{"total": "65.00", "venta_id": 4}', '2026-03-03 17:15:20'),
	(3, 1, 'LOGIN_EXITOSO', 'auth', 'Inicio de sesión', '::1', 'ok', NULL, '2026-03-05 13:36:42'),
	(4, 1, 'LOGIN_EXITOSO', 'auth', 'Inicio de sesión', '::1', 'ok', NULL, '2026-03-06 13:34:14'),
	(5, 1, 'LOGIN_EXITOSO', 'auth', 'Inicio de sesión', '::1', 'ok', NULL, '2026-03-06 17:00:31');

-- Volcando estructura para tabla polleria_db.caja
CREATE TABLE IF NOT EXISTS `caja` (
  `id` int NOT NULL AUTO_INCREMENT,
  `usuario_id` int NOT NULL,
  `saldo_inicial` decimal(10,2) NOT NULL DEFAULT '0.00',
  `saldo_final` decimal(10,2) DEFAULT NULL,
  `total_ventas` decimal(10,2) DEFAULT '0.00',
  `total_gastos` decimal(10,2) DEFAULT '0.00',
  `estado` enum('abierta','cerrada') COLLATE utf8mb4_unicode_ci DEFAULT 'abierta',
  `observaciones` text COLLATE utf8mb4_unicode_ci,
  `fecha_apertura` timestamp NULL DEFAULT CURRENT_TIMESTAMP,
  `fecha_cierre` timestamp NULL DEFAULT NULL,
  PRIMARY KEY (`id`),
  KEY `usuario_id` (`usuario_id`),
  CONSTRAINT `caja_ibfk_1` FOREIGN KEY (`usuario_id`) REFERENCES `usuarios` (`id`)
) ENGINE=InnoDB AUTO_INCREMENT=2 DEFAULT CHARSET=utf8mb4 COLLATE=utf8mb4_unicode_ci;

-- Volcando datos para la tabla polleria_db.caja: ~0 rows (aproximadamente)
DELETE FROM `caja`;
INSERT INTO `caja` (`id`, `usuario_id`, `saldo_inicial`, `saldo_final`, `total_ventas`, `total_gastos`, `estado`, `observaciones`, `fecha_apertura`, `fecha_cierre`) VALUES
	(1, 1, 0.00, NULL, 0.00, 0.00, 'abierta', NULL, '2026-03-03 15:45:51', NULL);

-- Volcando estructura para tabla polleria_db.caja_egresos
CREATE TABLE IF NOT EXISTS `caja_egresos` (
  `id` int NOT NULL AUTO_INCREMENT,
  `caja_id` int NOT NULL,
  `concepto` varchar(200) NOT NULL,
  `monto` decimal(10,2) NOT NULL,
  `usuario_id` int DEFAULT NULL,
  `created_at` timestamp NOT NULL DEFAULT CURRENT_TIMESTAMP,
  PRIMARY KEY (`id`),
  KEY `caja_id` (`caja_id`),
  KEY `usuario_id` (`usuario_id`),
  CONSTRAINT `fk_ce_caja` FOREIGN KEY (`caja_id`) REFERENCES `caja` (`id`),
  CONSTRAINT `fk_ce_usuario` FOREIGN KEY (`usuario_id`) REFERENCES `usuarios` (`id`)
) ENGINE=InnoDB DEFAULT CHARSET=utf8mb4 COLLATE=utf8mb4_0900_ai_ci;

-- Volcando datos para la tabla polleria_db.caja_egresos: ~0 rows (aproximadamente)
DELETE FROM `caja_egresos`;

-- Volcando estructura para tabla polleria_db.categorias
CREATE TABLE IF NOT EXISTS `categorias` (
  `id` int NOT NULL AUTO_INCREMENT,
  `nombre` varchar(80) COLLATE utf8mb4_unicode_ci NOT NULL,
  `descripcion` varchar(200) COLLATE utf8mb4_unicode_ci DEFAULT NULL,
  `icono` varchar(50) COLLATE utf8mb4_unicode_ci DEFAULT 'Package',
  `color` varchar(20) COLLATE utf8mb4_unicode_ci DEFAULT '#e91e8c',
  `activo` tinyint(1) DEFAULT '1',
  `created_at` timestamp NULL DEFAULT CURRENT_TIMESTAMP,
  `updated_at` timestamp NULL DEFAULT CURRENT_TIMESTAMP ON UPDATE CURRENT_TIMESTAMP,
  PRIMARY KEY (`id`)
) ENGINE=InnoDB AUTO_INCREMENT=7 DEFAULT CHARSET=utf8mb4 COLLATE=utf8mb4_unicode_ci;

-- Volcando datos para la tabla polleria_db.categorias: ~5 rows (aproximadamente)
DELETE FROM `categorias`;
INSERT INTO `categorias` (`id`, `nombre`, `descripcion`, `icono`, `color`, `activo`, `created_at`, `updated_at`) VALUES
	(1, 'Pollos', 'Pollos enteros y presas', 'Drumstick', '#e91e8c', 1, '2026-03-03 06:14:13', '2026-03-03 06:14:13'),
	(2, 'Combos', 'Combos y promociones especiales', 'Package', '#4f8ef7', 1, '2026-03-03 06:14:13', '2026-03-03 06:14:13'),
	(3, 'Bebidas', 'Gaseosas, jugos y cervezas', 'Cup', '#00d4ff', 1, '2026-03-03 06:14:13', '2026-03-03 06:14:13'),
	(4, 'Guarniciones', 'Papas, ensaladas, cremas', 'Salad', '#a78bfa', 0, '2026-03-03 06:14:13', '2026-03-03 07:18:21'),
	(5, 'Extras', 'Salsas, pan, adicionales', 'Plus', '#fb923c', 0, '2026-03-03 06:14:13', '2026-03-03 07:18:18'),
	(6, 'Postres', 'Postres variados', 'Package', '#ff29bb', 1, '2026-03-03 15:51:00', '2026-03-03 15:51:00');

-- Volcando estructura para tabla polleria_db.clientes
CREATE TABLE IF NOT EXISTS `clientes` (
  `id` int NOT NULL AUTO_INCREMENT,
  `nombre` varchar(150) COLLATE utf8mb4_unicode_ci NOT NULL,
  `documento_tipo` enum('DNI','RUC','CE','Pasaporte') COLLATE utf8mb4_unicode_ci DEFAULT 'DNI',
  `documento_numero` varchar(20) COLLATE utf8mb4_unicode_ci DEFAULT NULL,
  `telefono` varchar(20) COLLATE utf8mb4_unicode_ci DEFAULT NULL,
  `email` varchar(100) COLLATE utf8mb4_unicode_ci DEFAULT NULL,
  `direccion` text COLLATE utf8mb4_unicode_ci,
  `puntos` int DEFAULT '0',
  `tipo` enum('regular','frecuente','corporativo') COLLATE utf8mb4_unicode_ci DEFAULT 'regular',
  `activo` tinyint(1) DEFAULT '1',
  `created_at` timestamp NULL DEFAULT CURRENT_TIMESTAMP,
  `updated_at` timestamp NULL DEFAULT CURRENT_TIMESTAMP ON UPDATE CURRENT_TIMESTAMP,
  `fecha_nacimiento` date DEFAULT NULL,
  `segmento` enum('nuevo','frecuente','vip','inactivo') COLLATE utf8mb4_unicode_ci DEFAULT 'nuevo',
  PRIMARY KEY (`id`)
) ENGINE=InnoDB AUTO_INCREMENT=4 DEFAULT CHARSET=utf8mb4 COLLATE=utf8mb4_unicode_ci;

-- Volcando datos para la tabla polleria_db.clientes: ~3 rows (aproximadamente)
DELETE FROM `clientes`;
INSERT INTO `clientes` (`id`, `nombre`, `documento_tipo`, `documento_numero`, `telefono`, `email`, `direccion`, `puntos`, `tipo`, `activo`, `created_at`, `updated_at`, `fecha_nacimiento`, `segmento`) VALUES
	(1, 'Cliente General', 'DNI', '00000000', '', NULL, NULL, 6, 'regular', 1, '2026-03-03 06:14:13', '2026-03-03 17:15:20', NULL, 'nuevo'),
	(2, 'Mar├¡a Garc├¡a', 'DNI', '12345678', '987654321', NULL, NULL, 0, 'frecuente', 1, '2026-03-03 06:14:13', '2026-03-03 06:14:13', NULL, 'nuevo'),
	(3, 'Empresa Eventos SAC', 'RUC', '20987654321', '01-555-0000', NULL, NULL, 0, 'corporativo', 1, '2026-03-03 06:14:13', '2026-03-03 06:14:13', NULL, 'nuevo');

-- Volcando estructura para tabla polleria_db.compras
CREATE TABLE IF NOT EXISTS `compras` (
  `id` int NOT NULL AUTO_INCREMENT,
  `numero_factura` varchar(50) COLLATE utf8mb4_unicode_ci DEFAULT NULL,
  `proveedor_id` int NOT NULL,
  `usuario_id` int NOT NULL,
  `subtotal` decimal(10,2) DEFAULT '0.00',
  `igv` decimal(10,2) DEFAULT '0.00',
  `total` decimal(10,2) NOT NULL DEFAULT '0.00',
  `estado` enum('pendiente','recibida','cancelada') COLLATE utf8mb4_unicode_ci NOT NULL DEFAULT 'recibida',
  `observaciones` text COLLATE utf8mb4_unicode_ci,
  `fecha_compra` date DEFAULT NULL,
  `created_at` timestamp NULL DEFAULT CURRENT_TIMESTAMP,
  `updated_at` timestamp NULL DEFAULT CURRENT_TIMESTAMP ON UPDATE CURRENT_TIMESTAMP,
  PRIMARY KEY (`id`),
  KEY `proveedor_id` (`proveedor_id`),
  KEY `usuario_id` (`usuario_id`),
  CONSTRAINT `compras_ibfk_1` FOREIGN KEY (`proveedor_id`) REFERENCES `proveedores` (`id`),
  CONSTRAINT `compras_ibfk_2` FOREIGN KEY (`usuario_id`) REFERENCES `usuarios` (`id`)
) ENGINE=InnoDB AUTO_INCREMENT=2 DEFAULT CHARSET=utf8mb4 COLLATE=utf8mb4_unicode_ci;

-- Volcando datos para la tabla polleria_db.compras: ~0 rows (aproximadamente)
DELETE FROM `compras`;
INSERT INTO `compras` (`id`, `numero_factura`, `proveedor_id`, `usuario_id`, `subtotal`, `igv`, `total`, `estado`, `observaciones`, `fecha_compra`, `created_at`, `updated_at`) VALUES
	(1, 'F001', 4, 1, 14.00, 2.52, 16.52, 'recibida', '', '2026-03-03', '2026-03-03 15:55:42', '2026-03-03 15:55:42');

-- Volcando estructura para tabla polleria_db.configuracion
CREATE TABLE IF NOT EXISTS `configuracion` (
  `id` int NOT NULL AUTO_INCREMENT,
  `clave` varchar(100) COLLATE utf8mb4_unicode_ci NOT NULL,
  `valor` text COLLATE utf8mb4_unicode_ci,
  `tipo` varchar(50) COLLATE utf8mb4_unicode_ci DEFAULT 'text',
  `descripcion` varchar(200) COLLATE utf8mb4_unicode_ci DEFAULT NULL,
  `updated_at` timestamp NULL DEFAULT CURRENT_TIMESTAMP ON UPDATE CURRENT_TIMESTAMP,
  PRIMARY KEY (`id`),
  UNIQUE KEY `clave` (`clave`)
) ENGINE=InnoDB AUTO_INCREMENT=41 DEFAULT CHARSET=utf8mb4 COLLATE=utf8mb4_unicode_ci;

-- Volcando datos para la tabla polleria_db.configuracion: ~18 rows (aproximadamente)
DELETE FROM `configuracion`;
INSERT INTO `configuracion` (`id`, `clave`, `valor`, `tipo`, `descripcion`, `updated_at`) VALUES
	(1, 'empresa_nombre', 'Polleria El Dorado', 'text', 'Nombre de la empresa', '2026-03-03 06:48:56'),
	(2, 'empresa_ruc', '20123456789', 'text', 'RUC de la empresa', '2026-03-03 06:14:13'),
	(3, 'empresa_direccion', 'Av. Principal 123, Lima', 'text', 'Direcci├│n', '2026-03-03 06:14:13'),
	(4, 'empresa_telefono', '01-234-5678', 'text', 'Tel├®fono', '2026-03-03 06:14:13'),
	(5, 'empresa_logo', '', 'image', 'Logo de la empresa', '2026-03-03 06:14:13'),
	(6, 'moneda_simbolo', 'S/.', 'text', 'S├¡mbolo de moneda', '2026-03-03 06:14:13'),
	(7, 'igv_porcentaje', '18', 'number', 'Porcentaje de IGV', '2026-03-03 06:14:13'),
	(8, 'igv_activo', '1', 'boolean', 'Aplicar IGV', '2026-03-03 06:14:13'),
	(9, 'costo_delivery', '5.00', 'number', 'Costo base de delivery', '2026-03-03 06:14:13'),
	(10, 'stock_alerta_minimo', '5', 'number', 'Stock m├¡nimo para alertas', '2026-03-03 06:14:13'),
	(31, 'logo', 'data:image/png;base64,iVBORw0KGgoAAAANSUhEUgAAAgAAAAIACAYAAAD0eNT6AAB4H0lEQVR42u3dd5hU1fkH8O+5U3e2zRZ2WXoRUQEbYBcbStMUjYmmmJhfEhMTNZYYleIKaDQxUSMq2KIiKqCCBbsgiEjvvcMC2+vMTr33nt8fl8UFt0w/9955P8/DA+zM3HnvzOyc957yHoAQQgghhBBCCCGEEEIIIYQQQgghhBBCCCGEEEIIIYQQQgghhBBCCCGEEEIIIYQQQgghhBBCCCGEEEIIIYQQQgghhBBCCCGEEEIIIYQQQgghhBBCCCGEEEIIIYQQQgghhBBCCCGEEEIIIYQQQgghhBBCCCGEEEIIIYQQQgghhBBCCCGEEEIIIYQQQgghhBBCCCGEEEIIIYQQQgghhBBCCOkcEx0AISQyR0q7uXg4UGCzqQVc5oWcSYUSRwFnvIADBYyjAIwXAMwKBic4Mo4+NBuAFdrvu/voz+wAMo/+uxlA6Oi/GwBwADIADwCAwQ+OAMBlcFbLGWoZUMs4q1UZasHUakliteGwVKv6XDU9nzjkF/1aEUI6RwkAITqwrxTObBT0UWXehzPeBwx9mIo+nKEPwLsDKACONeh65+dADQM7wjj2cwn7wbGfcbZfsrL9HtTu71uKgOggCUl3lAAQkiJHSru5bOHm0xQLzgDQn6noA4Y+AOsDoER0fClWDvD9OJogSJztZirfGPBlb6EeBEJSgxIAQpKgurSwm6IqQyVVPY2DDQLDUAADAVhEx2YA5QxYwxnbAs63qpDWdLXUbWOlUEUHRoiZUAJASBz49bBUneIeDLALwXEmGE4H+CAAWaJjMxkvGN8MLm0Ex3pY8U3RlvotbC4U0YERYlSUABAShYp7ijMlR+gsMPVCMHYRBy4AkC86rjTlBbABjC3lwDfOkLrU/WhjveigCDEKSgAI6UBLVz4DLgTnFwEYDm0GPdEfBcAOgC0F+DcqpDUlU+q2iA6KEL2iBICQVo6UdnNZ5OYLIEkjOVd/yMBOER0Tics+gH3OmPqFNSh9lv9YfaPogAjRC0oASNqrLM3tx2V2DWO4GsDFAByiYyJJIQNYwTj/gDF8UTilcS3Tah4QkpYoASBpp+Ke4ky4QpczjqsBPhpAL9ExESEqwfEZk/gH9hC+oPkDJN1QAkDSQsN9uXlBG7uGAddzYBQAm+iYiK4oAJZzjrlckd8o+Ye3WnRAhCQbJQDEtOpL3e6Qgh8cbfSvAk3eI5E5lgyoVmVWt1JPjeiACEkGSgCIqRwp7eayqs3jwNlNHLgSNJ5P4hNkwOccmGu1SPMLSuuaRAdESKJQAkAMb0sp7F3U3B9yzn4BYDSo0SdJwQMA+4RxPqva2vj+oNJjGygRYkiUABDDqi7NPllVrb8F5zcDKBIdD0kr9QCby4FpXafUbxIdDCGxoASAGMq+Ujgz1dxrOGd/AHAF6DNMxFsD8Oe53zmr6+OVzaKDISRS9OVJDKG8NP80SeU3gfPfQdsalxC9aQTYbAY+vWhKwzrRwRDSGUoAiG7tK4UzQ8n9JRi7hXEMEx0PIZFiwCqV8Rme+sbXBzyNoOh4CGkLJQBEd46UZhdaZen/OGO3A+gmOh5C4lAFhucUSZlGywmJ3lACQHSjckJuf87Y7Qz4HQCX6HgISaAgOOYosPyj29TabaKDIQSgBIDoQNX4vIu4hNsBfi0Ai+h4CEkilQEfcc6fKp7a+IXoYEh6owSACMFLIVWqeeMYV+8H2Pmi4yEk5TjWguGpIkvDG6wUsuhwSPqhBICkFC+FVK3mXsc5exjAANHxEKID+wH+jyJL48uUCJBUogSApMR3Db80BeADRcdDiN5w8O0M7B9F2xtmsblQRMdDzI8SAJJUHGCVk/KuZiqfDIYzRcdDiAFsYYw/1GVy49sM4KKDIeZFCQBJmsoJuSPB2KMAhoqOhRAD2sQYn0KJAEkWSgBIwlVNyB8Npk7mwHDRsRBifGwFuDqpeGrjZ6IjIeZCCQBJmJrSglMURf4PwMaIjoUQE1oIC7uzuLR+o+hAiDlQAkDiVlaak29TpAcZcCsAq+h4CDExFRyzuFW+p2upt0p0MMTYKAEgMeN/gK2qOPdmgD0MoFB0PISkkXrG+WPV1sYnBpUiJDoYYkyUAJCYHJ3g9ySAQaJjISSN7eSc3d11av2HogMhxkMJAIlK9YTsgQqz/JsB40THQgg55gtuYXd2La3fLDoQYhyUAJCIVJV2yYIanso5/gwa5ydEj8Jg+K8iuSZ1Kz3iEx0M0T9KAEinqibkj+ZMnQ6gt+hYCCGd2gem/ql4ctOnogMh+kYJAGlXw325eUGb9CjA/yA6FkJItNhcVQ7/ueQf3mrRkRB9ogSAtKlqUu71nLNnAHQRHQshJGZ1AL+/eErj86IDIfpDCQA5Tnmpu4+ksOkAHyU6FkJIovCPFZX9qdvDDQdER0L0gxIAAkDbra9Kyf0dwB4HkC06HkJIwvkY55O77Gh8nHYbJAAlAARAZWluPyh4HWDni46FEJJ033DOf9V1auM+0YEQsSTRARCxqiblXg+FraHGn5C0cSFjbH3lxFya3JvmqAcgTdX9PS83bOPPgOEXomMhhAjzdsii3tKztKlOdCAk9SgBSEPlk9yXMY5XGdBTdCyEEOEOSsBNXaY0LBYdCEktSgDSCC+FtUp1TwDHBAAW0fEQQnSDc+DpWkvD32hzofRBCUCaqCktOEWRlVlgOFt0LIQQfeIMqy2S8osupZ6domMhyUeTANNA1UT3bxVFWUONPyGkI4xjmKpY1lROcv9KdCwk+agHwMR23QZHttv9TwbcLjoWQojRsOdrLPW30ZCAeVECYFI14wu6Kxb5bXB2nuhYCCHGxBlWqwp+QhUEzYmGAEyoarx7hCLJq6nxJ51yUNFH0j7GMcwiYVXFpNwrRMdCEo96AExGK+7BpgGwiY6FJInFDmQWgbkKwB25YBl5gNMNOPMAZx6YKw/cmQdmz9Lub3MBlqMfB3vOd8ewZRx/XCUIhAMAAB7ygkEFuAoeaAQLNIIH6sECDeD+eiDYAPjrAX+99n9fNeCrEf3KkOSRGecTukxt/CcDuOhgSGJQAmASVaVdsrgivwzw60XHQuLDLHbwzGIwdy8gs0j7k9MDyOmp/Sy7O8B02HmnhIDmSvCGg0BTGdB0SPu3rwrwVgGeQ9piM2JYDPwt1e/8XdfHK5tFx0LiRwmACVSXZp+sypZ3wDBYdCwkSplFYEWDgYIBQP5JQNFgsLx++mzg4xVsAup2g9fu1P6u2gxUbQHkgOjISBQ4+HZusVxXUlq3VXQsJD6UABhcxaTcKxhnbwNwi46FdECyAgUDwbqdBRSeov27YOD3u+HTjaoAjQeAmu3g1duAinXglRuBsF90ZKRjHsalnxZNrftEdCAkdpQAGFjVRPdvOPA8aLxff2wuoMupYN2GASVDwboNBRw5oqMyBlUBb9gHHFkNlK8FP7QS8BwWHRX5Phngfy6e0vi86EBIbCgBMCAOsKpJ7gfB8aDoWMhRjhyg5wVg3c8F6z4MyB8ASFRtOWGaDoEfWQN+aDlwYAnQXCU6InIUB/5bPKXhrzQ50HgoATCYXbfBkeN2vwjgl6JjSXesYADQ93Kgx/lA9+FgFrvokNJHUxmwbxH4voXA4VXgCtWqEYmDzfFb6n/dtxQ0ocNAKAEwkIb7cvMCNjaPAZeIjiUtOXOBnhdC6nMJ0HsE4CoUHREBgJAX/OA3wIEl4AcWA95K0RGlJ4ZliqT8sFuph9aDGgQlAAZRWZrbjytYwMBOER1LWnFkg/UbCZw0Buh1IV3lG0HVZvDt88F3fUxDBam3m3F1bNHUpl2iAyGdowTAACom5pzLIL0PoEh0LGnB6gDreSEwYAzYSaMBq1N0RCQWXAUq1oPv+gh85wIqVJQ6tUxlPyp6uH6p6EBIxygB0LmqSXljOOfvAEjz9WJJZrED/UaCDRgL1vdSwOIQHRFJJFUGL/sWfNdHwK6PgLBPdERm5wPnPy6e2viZ6EBI+ygB0LGKSXnXMK7OARhdgiaLuy/YadeBDboeyMgXHQ1JBTkI7F8Ivnm2NneAJEsIHDcWT214V3QgpG2UAOhUxaS8GxnnrwGwio7FdCx2oO8VYIN/BtbzAoDRr0G64nW7ge3zgS1ztD0NSKIpjOH/iiY3vCo6EPJ99M2nQxWTcn/POJsO2q0xoVjByWCDbwAG/kCb0U9ICzkA7PoIfPNb4OXrREdjNioHv6XrlMYXRQdCjkcJgM5UTcj7M2f8adB7kzjdhoINvQWsz6V0tU86V70FfP2r4Ds+AFRZdDRmwTnH3V2nNjwhOhDyHfo21JGqCbl/54w9KjoOM2AWO3DyOLCzfwcUnCw6HGJETYfA178CvmUO7U2QKIw9Vjy5/j7RYRANJQA6UTnR/RCASaLjMDx7Fthp1wFn/R9YdonoaIgZhLzAtnehrnmeigwlAiUBukEJgA5UTXI/yTnuEB2HoWUUgA37gzbGb3OJjoaYkRIC3/oO+OrnAE+56GgMjQFPFk1puFN0HOmOEgDBKiblPsI4u190HEbFnG7gjJvAzroZsGeJDoekAa6EgG3vgq94mioNxoPhieLJDXeJDiOdUQIgUOUE90QwTBYdhyHZXGBn/Aps6B9om10ixLFEYPlTVGUwRhxsfNcp9Y+IjiNdUQIgSNUE922c4b+i4zAcWwbYGTeBnf17WspH9CHsB9/wGrD2RfBAg+hoDIj/rXhK4+Oio0hHlAAIUDXJfTPneAn0+kdOsoINuQHsnNuoYh/Rp6BHmx+w/lXanjg6HOB/LJ7S+LzoQNINNUApVjUh9yecsbcAWETHYhSs5/lgI8YDBQNFh0JI5xoPQP3m38Duj0VHYiQqB/tV1yn1b4gOJJ1QApBClRPcPwLDXFB538jk9oZ04d3aVryEGAwv+xZ8yVSgdqfoUIxCYYzfWDS5ca7oQNIFJQApUjkp90pw9gEA2mauM7YMsLN/DzbsFq1uPyFGpcrgW98G//YJwF8nOhojCDHGflQ0uZ66T1KAEoAUqJyYfz6gfgna0rdjjIGd8mOwC/8GuApFR0NIwnB/PbD8CfDNbwGciw5H73yqql5W8nDTStGBmB0lAElWMSG3L2NsOYAi0bHoWk4PsMsmg/W+WHQkhCRP+VrwLx8Ar9sjOhK9q2EW9fyi0qbdogMxM0oAkqisNCffrliWAZxmr7WHSWCDfgp28f1UwY+kByUMvu5lYMV/abVABzj4dmcYF7gfbaR9mpOEEoAk2VIKe6Hi/hjA5aJj0a2Ck8GueASs6xmiIyEk9Wp3ar0BFRtER6JfDEua6huuGvA0gqJDMSPabz4JOMAKZfeLoMa/bRYb2LBbwG6YR40/SV8FJ4NdPwfs8inU+9UejhG57txXOF2sJgW9qElQNSl3KudsvOg4dKnwFLDRT4DlnyQ6EkL0o2E/+Gf3UG9AexgeKp7cUCo6DLOhBCDBjlb5e1l0HLrDmFbC98J7aWkfIW1RZfBVz4GvegZQFdHR6A1nDDcXTW54VXQgZkIJQAKVT3BfKjF8CoBauNZchZBGPgr0uUR0JIToHi9fD/7pXUBTmehQ9CYMzscWT238QnQgZkEJQIJUT8geqDLLCgC0Q00rrP+VYFc8DDjzRIdCiHGEvOCLHgTf8b7oSPSmQbIo53Yp9VB5xQSgBCABqkq7ZHElvBzAINGx6IYtA2zEeLBBPxMdCSGGxbe9C754MhBqFh2KbnDw7TaL5dyC0rom0bEYHa0CiBMHmKrIL4Ea/++4+4D99G1q/AmJEzv1Wkg3zAcrOFl0KLrBwE6RFZVWBiQAJQBxqpqY+zcG/lPRcegF63sZpJ+9Q19YhCSKuw/YT+fSpljH+3HlBPdfRQdhdJRBxaF8kvsyieMz0O5+2iz/oX8AO/8ugFFeSUjCcQ5snAl16aOAEhYdjR7IEjCyy5SGxaIDMSpKAGJ0eHx+T6ukrgHQRXQsojGnG2z0f4BeVMefkKQ7vBLqx3cAvhrRkehBpdUiDSsorTskOhAjoku1GPA/wGaV1DdBjb9W2OeGd6nxJyRVup8D6YZ5YF3PFB2JHhTLqjJ31220zXosKAGIQVVR3jMALhQdh3AnjYb007eBnJ6iIyEkvWR1BbvudbAB40RHIh5n5+W4c/8jOgwjoiGAKFVNdP+WAy+JjkM0duavwS5+gMb7CRGJc/CV08BX/Fd0JHrw6+IpDa+JDsJIKAGIQlVpzklckdYByBIdizCSBeziCWBn/FJ0JISQFlvfhrpoUrpPDmyWuDK0y1TPDtGBGAVdvkWI/wE2rkqzkM6Nvy0DbNyz1PgTojen/QTsmucBR7boSETKVJll1pZSKsUeKUoAIlRVnDcVHOeIjkOYzC6QrnsDrC/tcEyIHrFeF0H6yVtg2d1EhyLS0C5q7iTRQRgFDQFEoGpi3sUcfBEAi+hYRGAFJwM/eBEsu0R0KISQzngroL73f0Bt2pbLV1WGkSWTGxaJDkTvKAHoRH2p2x1SsAFAL9GxCFE0GNKPXqbNfAgxkmAT+Pv/B16+XnQkohwKWdQzepY21YkORM9oCKATYYU/h3Rt/LsNhXTtTGr8CTEaRw7Yj17DYnYFlnn6iI5GhB52RZohOgi9owSgA1UT3b/hYDeIjkME1uNcSD98GbCn75xHQoxs4dff4sP9mZhffzqWevqKDkeEn1ROcv9KdBB6RkMA7agsze0Hha0DkCM6lpTrcymkcdMACxXXIsRoOOd4//33sWTJkmM/Ywz4Qd4mXJS9T3R4qeZlXD27aGrTLtGB6BH1ALSBXw8LFLyONGz82YBxkMY9S40/IQakqipmz559XOMPaPsIvV8/JB17ArI4k/7HS6mtawu9KG2oHOi+HWDni44j1dip14KN+jdgsYkOhRASJVmW8dprr2HVqlVt3t6SBHyTfknAhdWK+y+ig9AjGgI4wZHx7t4WCZuRbgV/+o+CNOZJQKKdjQkxmlAohFdeeQU7dnReBI8x4Id5m3Bheg0HNHPOh3Sd2phWJ90Z6gE4gVXCNKRZ48/6jYQ0+glq/AkxIL/fjxkzZkTU+ANaT8B76dcTkMkYnhEdhN5QAtBK5ST3rzhwteg4Uon1uhBszJPU7U+IAXk8Hjz77LPYv39/VI9LzySAjamYlHej6Cj0hBKAow7dn10AjsdFx5FSJWeBjXuOJvwRYkB1dXWYNm0ajhw5EuMRGNSs9KruyTj/b/n9WV1Ex6EXlAAcZbNYngJQJDqOVGFdz4T0w/8BtgzRoRBColRVVYVnnnkGNTU1MR/jnHPOQbeRf0Ugd4Do00mlQsli/ZfoIPSCJgECqJqQP5oz9WPRcaRMwUBI180CnLmiIyGEROnw4cOYMWMGmpubYz7G0KFDMXToUACAFGpCz1X3we49KPrUUofzUcVTGz8THYZoaZ8AVNxTnMkyghsB9BMdS0pkFoH99G3a2IcQAzp48CBeeOEF+Hy+mI8xaNAgXHjhhcf9zBqoRc8Vd8MaiL1HwWD2M4ttSFFptVd0ICKl/RCAlBGcinRp/O2ZkH5Iu/oRYkS7du3C9OnT42r8BwwYgAsuuOB7P5edBSg/eyJUi1P0aaZKH67ID4oOQrS07gE4MqHgVAtTNgAw/xR4yQI27lmwvpeLjoQQEqXNmzdj5syZkGU55mP06dMHI0eOhCS1f92XWb0aJeumgHFF9CmngqxCOrNkSt0W0YGIktY9ABamPoF0aPwBsBETqfEnxIDWrFmD1157La7Gv1u3brjiiis6bPwBoLnLMFSf9ifRp5wqVgb1MdFBiJS2CUDFpLxrAD5KdBypwIb/Eez0X4gOgxASpaVLl+LNN9+EosR+RV5UVIRRo0bBYrFEdP/GHqPR0OfHok89JRgwrmpC/mjRcYiSlgkA/wNsjPP0WPM/YCzYeXeKjoIQEqWFCxdi3rx54JzHfIz8/HyMGTMGNlt0HZ3VJ98Mb/EFUT3GsJjyH/6H9OgJPlFaJgBVxe7bAJwsOo6kKzwV0pX/BFhavs2EGFLLdr4LFiyI6zi5ubkYN24cHI4YCn0xCRVD7kYw2/yVAjnYqdVF7j+KjkOEtJsEWH5/VhfJat0JwC06lmRiTjfYDfOAnB6iQyGEREhVVbz99ttYsWJFXMfJysrCNddcg+zs7LiOY/VXoffyv0IKNYl+aZKtXrEoJ3cr9aTNOkggDXsAJJttCkze+INJYKP/Q40/IQYiyzJef/31uBt/p9OJMWPGxN34A4CcUYTy0/8Gbv5exDxJtUwSHUSqmf5dba28NP80cP5/ouNINnbB3UCvi0WHQQiJUDgcxssvv4wNGzbEdRy73Y6xY8ciLy8vYbH5Cs5CXX/z76HDOP5UUZo3WHQcqZRWCYCk8CcAmHrPW9b/SrCzfy86DEJIhPx+P6ZPnx7xdr7tsVqtGDVqFAoLCxMeY12/G9JhUqCVKfxJ0UGkUtokANpSD36V6DiSKq8f2JX/BFjaTe0gxJC8Xm9M2/meyGKx4Morr0RJSZKqfDKGysF3IpzVM/UvUmpdUTkhd6ToIFIlbRIAznip6BiSyp4J6ernAHuW6EgIIRFoamrC9OnT49jOV8MYw2WXXYaePZPbOKvWDBw5/e/gZt8+nGGy6BBSJS0SgIoJ7h8A/FzRcSQTu2QSkJceWxoQYnR1dXV4+umnUV5eHtdxGGO4+OKL0a9fan73Q9l9UD3wdyl5LnHY+VWT8saIjiIVTJ8AcK1D/CHRcSRV/1Fgp14rOgpCSAQqKirw9NNPo66uLu5jnXvuuTjllFNSGn9jzzFoLjovpc+ZapzzKTwNlsmbPgGonpB7HRjOFB1H0mR1BbtiqugoCCERKCsrw7PPPoumpvjX1Q8dOhSnn366kPOoHHw7ZEfiVhro0NDKCe5rRAeRbKZOAHgpJA42UXQcScMksKv+BeZ0i46EENKJPXv24LnnnkNzc3Pcxxo8eDCGDh0q7FwUWw4qh9xl6gnHjGEqLzV3G2nqk6tU834GBjEpcgqwoX8A62HurjhCzGDLli14/vnnEQwG4z7WySefjPPPP1/0KcFXcBYaev9QdBjJNKRazjX12KppEwB+PSzgqnkrOxUNBs69TXQUhJBOrF27Fq+++mpc2/m26NOnD0aMGAGmkyvvmgG/NvV+AZyxh8zcC2DaE6s+1f1LBpba2TGpYnVCGv0fMItddCSEkA4sW7YMb7zxRlzb+bbo3r07Ro4cCUnSz9c2l2yoOP1v4JJpN9M7rVLN+5noIJJFP5+kBOKlsHIO0479s/PuANzmzboJMYOFCxfinXfeiWs73xbFxcUYNWqUrhr/FqGsXqjrZ9o2EozzUn49LKLjSAb9fZoSoFLNux5Af9FxJEXhqWBn/Fp0FISQdnDO8eGHH8a9nW+LgoICjB49GlarfquY1/e7HsFs09YhObnq1NwfiQ4iGUyZADDwv4qOISkkK6Qr/wFYTNvdRoihtWznu2jRooQcLycnB2PGjIHDoe/qe5xZUHnan027ayDj7O+iY0gG071b1RPdl4DjHNFxJAM7+3dAl0GiwyCEtEFRFLz++utYvnx5Qo6XmZmJcePGweVyiT61iATdA9HYy5xL5zkwvHJ8vul2QzJdAsCBu0XHkBTuvmDn/EV0FISQNiiKgpkzZ8a9nW+LjIwMjBs3DtnZ2aJPLSo1A25COKOr6DCSQ1JN17aYKgGoLs0+mQPjRMeRcIyBXfYQYNV3NyAh6SgYDOKFF17Apk2bEnI8u92OMWPGwO12iz61qHGLA5WDbjNrgaAfVZXmnCQ6iEQyVQKgKta7zXZOAMAG/Qysp/jCH6LNmTMHL730ElRVFR0KIQAAn8+HGTNmYNeuXQk5ntVqxejRo1FYWCj61GLmLzgDTV0vFR1GMkhclf4qOohEMk2aVn5/VhfJaj0AIEN0LAnlzIV00+eA09R1tzs1Z84czJkzBwBw0UUX4S9/+YuuZ0UT8/N4PJg+fToqKioScjyLxYKrrroq6dv6poIlWI8+S2+BJPtEh5JoPsWi9O5W6qkRHUgimOZqWbJYb4XZGn8A0rl3UOPfqvEHgKVLl+Lhhx+G3+8XHRpJU/X19Zg2bVrCGn/GGC677DJTNP4AoDjyUN/vp6LDSAaXpFj+KDqIRDFFArDrNjjAuGnelBYsvz8w+AbRYQh1YuPfYtOmTXjooYcSsqsaIdGorKzE008/jZqaxFwEMsYwYsQI9OtnrnX0db1/iJCrm+gwEo4Bt+0rhVN0HIlgigQgOy/3lwAz3dRTdvH4tF7z317j32L37t2YNGlSwr6ICelMWVkZnnnmGTQ2NibsmOeddx4GDhwo+tQST7KhduDNoqNIhqJM1X2j6CASwRQJAMDMd/Xf93Kg98WiwxCms8a/xaFDh/DAAw/g4MGDokMmJrdnzx5Mnz49Idv5tjjnnHMwZMgQ0aeWNN6i8+ErPFt0GAnHObtFdAyJYPgEoLI073TGMUx0HInELHawi+8THYYwkTb+Lerq6vDggw9ix44dokMnJrVt2za88MILCAQCCTvm4MGDceaZZ4o+taSrPuX34MxspfT5uZUT3WeIjiJehk8AoKimyMSOc8ZNabvZz9tvvx1V49/C4/FgypQpWL9+vehTICazbt06/O9//0M4HE7YMQcOHIjzz0+Ppb2hzJ5o6jlKdBgJx4Hfio4hXoZOAMru7JEBMFOMxRzjyAEb/ifRUQjTq1evmHc8CwQCeOyxx/DNN9+IPg1iEsuWLcOsWbMSsp1vi759+2LEiBFg5iyW06ba/j+HajFXITMG3KS1QcZl6H6Z+6+SfgHAVAkAO+dWsF4XiQ5DmO7duyMnJwdr166N6fGqqmLFihXIyMgw58QqkjILFy7E+++/n5DtfFv06NEDV111lS639U0mbnFCkv3IaNgqOpREckr28NbHlwQSUwJSAEN/CjnwO9ExJBLLyAM74ybRYQg3atQoXH/99TE/nnOOV199FbNmzRJ9KsSgFi5ciAULFiS08e/atWtaNv4tGvpdD8WaKTqMhJLADd0GGbYHoHpC9kAO6TGYqJohO/d2Kvl71ODBg+H1euMqsbp9+3Y0NjbirLPOSqvuVhI7zjnee+89fPHFFwk9bkFBAcaNGwebLX2X9XLJDomHkVFn2AvmtvS5d4T9jX8tCdaJDiQWhk1FVWb5A0zU+MNVCHbGr0RHoSu/+c1v4p4o9emnn+Lxxx9P6AQuYk6qqmL27Nn4+uuvE3rc3NxcjB07Fna7XfQpClff64dQbcba4bATTGXMsJMBDZkAbCmFHYCpWktp+J8AqymKSyWMJEm4/fbb414qtXLlSjz88MPw+UxXl5wkSMt2vqtWrUrocbOzs3HNNdcgI8PQc8USRrVloq7Pj0WHkVAM7Gb+Bxiya8eQCUAXJfdHALqIjiNhMouAQT8THYUu2Ww23H333XGXSd28eTOVDiZtCoVCeOmll7Bx48aEHtflcuHqq6+Gy+USfYq60tj7h1DsbtFhJFJxVVf31aKDiIUhEwAO9gvRMSQSG/5nwGquJTKJlJGRgQkTJqBbt/jqiu/Zswf3338/KisrRZ8S0YmW7XwTXUTK6XRi3LhxyM42VXd3QqgWB+r7Xis6jMTi+LnoEGJhuASgtjQ/B+BXiY4jYTIKwE67TnQUupeTk4MJEyYgLy++nRErKysxYcIEHDhwQPQpEcE8Hg+effZZ7N+/P6HHtdvtGDNmTNyfVTNr7DHGZCsC+NVa22QshksAZEX9EcBMM1jOzvglXf1HqKioCBMnTkRWVlZcx6mvr6fSwWmurq4O06ZNQ3l5eUKPa7VaMWrUKHTpYp4RymRQrRlo7DlGdBgJxJxhlY8THUW0DJcAcMA8m0xbnWCnm2o0I+l69eqFBx54AA5HfEmT1+vF5MmTYy44RIyrqqoKzzzzTMJ3kZQkCSNHjkRJSYnoUzSExt4/ACRDzp1rE+M89uIlghgqAagvdbsZcKXoOBKFnXYt4KRuwmidfPLJuPPOO2GxxFfGIhgM4rHHHsPChQtFnxJJkUOHDmHatGloaGhI6HEZY7jsssvQq1cv0adoGLIjH01dR4gOI4H4mLq/5+WKjiIahkoAwip+DMAci2mZBHbGr0VHYVjDhg3DrbfeGneBH0VR8Nxzz+H9998XfUokyfbu3Yvnnnsuodv5Alrjf9FFF6F///6iT9Fw6vteC5imSBdzhu24RnQU0TBUAsA5N033P+s3EsiLb2lburvkkkvw85/HP/mWc47XXnsNs2bNSmjpV6If27dvx/PPP5/Q7XxbDB8+HKeeeqroUzSkUFZv+ArOFh1GAhlrGMAwpYAb7svNUyzsGSPF3BFp5CNANo0VxuvUU09FIBBIyIS+7du3o6amBkOHDk3beu1mtGnTJrz66quQZTnhxz777LNx9tlmasBST3G4kXNkkegwEqXvhAsczzy6NJj4TDMJDPMtF7DhOpik+58Vnw6U0JdGovzqV7/CZZddlpBjLVq0CI8//jhCoZDo0yIJsHr1asycOTOh2/m2OO200zBs2DDRp2h4vvwzEcrqLTqMRLGH7OwHooOIlGESAAbJUF0rHRpMVf8SiTGGW265JWFXYqtWraLSwSawdOlSvPXWW0lp/AcMGIALL7xQ9CmaA2No7DFKdBQJo3IYpq0yRAJQX+p2A/xy0XEkhM0FNsBwy0V1z2q14p577sEpp5ySkONt2bIFEyZMQF2dITf5SnsLFy7EvHnzkjKno3fv3rjkkktoh8kE8nS/AtxijnooDLiy+t5CQ5SANEQCEFb5lQCsouNIBDbwB4DdTBWw9MNut+OBBx5A796J6U48ePAgJkyYgIqKCtGnRiLUsp3vggULknL87t27Y+TIkTRHJMEUaya8RabZCt2u2uUrRAcRCWN8ilVmmv4hNsg0Cxl0yeVyYfz48QmrxFZVVYUJEyYkvFwsSTxVVTFnzhwsWbIkKccvKirCVVddFXf9CdK2pp6jRYeQOIwbos0yRAKgMpij9n/BQKB4iOgoTC8/Px8PPvggcnMTU5OjoaEBDz74ILZt2yb61Eg7ZFnGzJkzsXLlyqQcPz8/H2PGjIHNZp7KdXrjyxuMcFZP0WEkBAczxDiv7hOAytK80xlgik8FG2LIDaMMqWvXrrj//vvhdCZm24jm5mY89NBDWL58uehTIycIh8N4+eWXE76db4ucnByMHTs27vLTpHON3UaKDiEhGNDzyIQC3ReH0H0CAEU1R7+Q1QE20JBbRhvWSSedhL///e+wWhMzfUSWZfznP//Bl19+KfrUyFF+vx/Tp09P2sZOmZmZGDduHFwul+hTTQtNPa4EN8n+ABIU3bdduk8AGJjuX8SIzmPAWMBhuN0iDW/IkCG47bbbEjZpS1VVTJ8+HfPnzxd9amkvWdv5tnA6nRg7diyysw0xodsUFFsOmrucIzqMhGBM/22XrmezVNxTnAmbMg0mWAEgXXgv4DZNsQtD6dWrF7KzsxO689/GjRvh9Xpx5pln0nIwAerr6/Hcc8+hsrIyKce32+0YN24cCgoKRJ9q2mGMIatiqegwEqHHPefkPvH4suaw6EDao+8eAFdwJADjD7w5c8F7nCs6irQ2evRoXHfddQk95kcffYRnnnkmKYVmSPuqqqowbdo0VFdXJ+X4VqsVo0aNQmFhoehTTUvewuFQLYmZuyOYQ3KGLhEdREd0nQAwznXfhRLRefQfDWYxRRVjQ7vxxhsxZsyYhB7zq6++wr/+9S8qHZwiFRUVeO655xK+nW8LSZIwcuRIlJTQPh2icIsDviJzDAOokr7bMF0nADDJ+D8GJLbRIbG7+eabcf75iS04snr1akydOpVKByfZwYMH8eyzz6KpqSkpx2eM4bLLLkOvXr1En2ra83QdITqEhGAcuv7y120CUF7q7gOgj+g44paRD0bd/7ohSRJuv/12nHHGGQk97tatW6l0cBLt3r0b06dPR3Nzc1KOzxjDRRddhP79+4s+VQKguXAoVJspKqaeVFua30N0EO3RbQIgqcwUO22wAaMByfBzGE3FZrPh7rvvRr9+/RJ63JbSweXl5aJP0VS2bNmCF154AcFgMGnPce655+LUU3W/bDttcMkGb6E5hgEURblAdAzt0W0CAK7q9kWLBm38o08ulwsTJkxAt27dEnrcltLB+/btE32KprBmzRq8+uqrkGU5ac8xdOhQnH766aJPlZzAW2KOYQAV+r2Y1W8CoOMXLWKuQqBkqOgoSDtycnIwfvx45OXlJfS4jY2NmDhxYtIq06WLpUuX4s0330zqKotBgwZh6FD6HdWj5oIzoVhNMAzAoNuLWV0mAEe3UhwsOo649R4BSLoutZD2iouLMXHiRGRlZSX0uIFAAI888giVDo5RMrfzbTFgwABccIFuv5uJZIO/8CzRUcSNcZxZVdolsV8wCaLLBEB1hs+DzosURULqo+sloOSoXr164f777094rfeW0sFffPGF6FM0DM45Pvjgg6Rt59uiT58+uOSSS6iIk841F54tOoREsCpqeLjoINqiywTAFN3/kgW8J11dGMXAgQNx5513JnyrV1VVMWPGDMyZM0f0KeqeqqqYO3cuvvrqq6Q+T/fu3TFy5MiElYcmyeMrHA6YIEljHLps0/T5G8D1O2YSseLTwZxu0VGQKAwbNgy33nprwq8KOeeYM2cOXn75ZaiqKvo0dUmWZbz++utYsWJFUp+nqKgIV111FTX+BiE78hDMNH4JdQZOCUAk+PWwADD8+g/W51LRIZAYXHLJJbjxxhuTcuyPPvoI06ZNS+qMdiNq2c53w4YNSX2e/Px8jBkzBjabOXabSxfNXYaJDiEB2AVH2zZd0V0CUD3IPQRArug44sV6m2MJSzq69tprcc011yTl2EuWLME///nPpK5pN5JAIIAZM2YkbTvfFrm5uRg3blzC53mQ5PMVmmKVRk7lKXmniQ7iRLpLALjMElunVYSMfKCL7t5rEoWbbroJl156aVKOvXbtWpSWlsLj8Yg+TaF8Ph+ef/75pNdMyMrKwtixY5GRkSH6lEkMAu5TTVEVkOmwto3uEgDGuOGnfbLeIwCmu5eWRIExhj/+8Y8466zkLEPatWsXJk2ahNraWtGnKkRTUxOeffZZHDhwIKnP43Q6MXbsWGRnZ4s+ZRIjLlnhyzNBoSZJ0t2aRt21UpzB8O8062n8TgyibQt7zz33YODAgUk5fllZGSZMmIAjR46IPtWUqqurw7Rp05JeMtlut2Ps2LFwu92iT5nEyZ9v+GYBAB8iOoIT6SoB4KWQwGH8vvMSw3dikKMcDgfuu+8+9OzZMynHr66uxvjx47Fz507Rp5oSFRUVePrpp5Pe82G1WjFq1CgUFhaKPmWSAIF84zcL4BjCAV2tadRVAlCNnH4AdFkxKWLOPCDX+MtWyHeys7MxceJEdOnSJSnH93g8mDx5MtavXy/6VJOqrKwsqdv5trBYLLjyyitRUlIi+pRJggSz+kK1Gn4OR3blhNw+ooNoTVcJAJclw/fzsO7DTFG4ghwvPz8fkyZNQm5uchaoBAIBPPbYY1i2bJnoU02KPXv24Lnnnkvadr4tGGO47LLLktZjQ8TgTEIgNzlDcanFdDUMoKsEAJLxx/+p+9+8SkpKcN9998HpdCbl+OFwGE8++SQ+++wz0aeaUFu3bsXzzz+f9KWPjDFcfPHFCd/mmehDQH+r6GJACUD7OHT14sSEdv8ztQEDBuDvf/87rFZrUo6vqiqef/55zJo1S/SpJsTatWvxyiuvpKT40bnnnotTTjlF9CmTJPG7TxUdQtwk6KuN01cCoLMXJ2oWO1jRINFRkCQbMmQI/vKXvyS1nOy8efPw0ksvGbp08LJly/DGG28kdTvfFsOHD8fppxu/A5G0L+A+FZzprphedJiqqw+pbhKAI6XdXAD6i44jLsVDAItddBQkBS666CL89re/TepzfPzxx3j66acNWTp44cKFeOedd5K6nW+LwYMHJ61eA9EP1eJEKLuP6DDiwsEG7CtFcsYQY6CbBICFvYP1FE9M59CVvoTSyejRo3Httdcm9Tm+/vprPPzww/D7/aJPNyKcc3z44YdJ3863xcknn4zzz6e6G+nCb/yJgNZMRT9jGbppcC2SNFh0DHHropv3laTIjTfeiCuuuCKpz7Fp0yY89NBDui8dzDnH/PnzsWjRopQ8X9++fTFixIiE795I9CuUY/wJnlxHQ926SQBU8AGiY4gXK6QJSOmGMYZbbrkF5513XlKfZ/fu3Zg4cSJqampEn3KbFEXB7NmzsXTp0pQ8X48ePXDFFVfQtr5pJpjVR3QI8WM4SXQILXTz2yMBfUTHEBeLDdxt7FMgsZEkCXfccQfOOOOMpD7PoUOH8MADD+DgwYOiT/k4iqJg5syZWLVqVUqer7i4GFdddRU1/mkolN3X+PusqPpp63TzSnKmnxclJu5+YDQBMG3ZbDbcfffd6Nu3b1Kfp66uDg8++GDSt8+NVDAYxIsvvohNmzal5PkKCgowevTopC3DJPqmWhwIO4tEhxEfCcn9kogqFL3gxk4AWBfq/k93LpcLEydORLdu3ZL6PHopHezz+TBjxoyU7WOQm5uLMWPGwOFwCD1vIlbQ4CsB9NTW6SIBKLuzRwbAikXHEZeCk0VHQHQgJycH48ePT/oOdMFgEI899hi++eYbIefp8XhSsp1vi8zMTIwbNw4ul0vI+RL9CGXr5gI6Vt123QZdZLG6SAAycv29obNdkqLFCmkFANEUFxdj0qRJyMzMTOrztJQO/vDDD1N6fvX19SnZzrdFRkYGxo0bh6wsY+8TRhIjmGX4zdak3IIcXWxWoYsEQFVVw6d0KDT8+lSSQL169cK9994Lm82W1OfhnOOVV15JWengyspKTJs2LWWrEex2O8aOHZv0HhViHEYvBgQAXGW6aPN0kQBwHc2KjIk9C8g0+MQUknCDBg3CXXfdBYsl+eVL582bhxdffDGppYMPHTqEZ555Bg0NDUk/HwCwWq0YM2YMCgoKUvJ8xBjCrm7gkrEngXKdrHrTRQIACcbu08nuLjoColPDhw/Hn/70p5QUq/nkk0/w73//G+FwOOHH3rt3b0q2821hsVhw5ZVXorjY2FODSOJxJkF2FIoOIy6STiYC6iIBYAbvAWC5uhjOITp16aWX4oYbbkjJc61YsQIPP/wwfD5fwo65bds2PP/88wgEAik5B8YYLr/8cvTsSb9XpG3hDGMnhtQD0AqXuC7GQ2KWQz0ApGPXXXcdrr766pQ81+bNm/HQQw+hqakp7mOtW7cO//vf/5LSq9AWxhhGjBiR9HoKxNhkgycAgD5qAegiAQBHchdOJ1tOD9EREAP49a9/jcsuuywlz7Vnzx5MnDgR1dXVMR9j+fLlmDVrVkq2821x3nnnYeBAmlBLOhZ2GT0BYLpo8/SRAADGnuVDcwBIBFr2DUjV1rWHDx/GAw88ENNa/aVLl+Ltt99OyXa+Lc455xwMGaKbfVKIjhl9CACALiYxCE8AKu4pzgSQITqOeNAcABIpq9WKe+65J2VXufX19VGXDl64cCHmzZuX0sZ/yJAhOPPMM1P2fMTYwk7DJwCZWgE8sYQnAGpWyNhX/wD1AJCoOBwO3HfffejRIzVDR16vF5MnT8a6des6vB/nHO+99x4WLFiQ0tdj4MCBSd9NkZiLbPghACDD5c8XHYPwBMCqcGMnAM5cwJEtOgpiMNnZ2Zg4cSK6dOmSkucLBoN49NFHsWjRojZvV1UVs2fPxpIlS1L6Opx00kkYMWJESpZJEvOQ7XngUnKLbCWbYlOFt33CEwDOuC7GQmLFqAAQiVFBQQEeeOABZGenJoFUFAXPPvss3n///eN+LssyXnvttZRt59uid+/euPTSS6nxJ9FjDIpD+AV0XLisCm/7xCcAXBKeBcUVv9MtOgRiYD179sQDDzwAp9OZkufjnOO1117DrFmzwDlHKBTCyy+/nLLtfFt069YNI0eOhCQJ/woiBiXbc0SHEBdJEj/5XXg9RYmjgBv4AoBlGDsLJeINGDAA9957L/7xj3+kbL39vHnzUFNTA8ZYynb0a1FUVIRRo0alpEQyMS/VZuwEQA8Xv8LTbw5jDwHA4RYdATGB008/HbfeemtKr4i//vprrFq1KqWz/fPz8zF69Oikb5JEzE+xGXvulR7aPvEJgA66QeKS4RYdATGJiy++GDfffHNKn9Pv96Oqqiqpmwi1yMnJwdixY1M23EHMTTH6EIAO6t8ITwAYN/oqALfoCIiJjBkzBj/+8Y9T+pyBQACVlZVJrfiXmZmJcePGweVypfTciHkZvgeAUwIADrhFxxAPmgNAEu3nP/85rrjiipQ+ZygUQmVlJWRZTvixnU4nxo4dm7LVDiQ9GH0OAGPIEx2D8ASAgRm6P5BWAZBEaykZfO6556b0ecPhMCoqKhI6EdFut2PMmDHIyxP+XUdMRrYbO6HkgPC2T3gCAMAhOoB4MCd9sZHEkyQJd9xxB0477bSUPq+iKCgvL0/I1r9WqxWjRo1KWbEjkl6M3gMABrvoEIQnAAziX4S42GlMkySH3W7Hfffdl/KtcTnnqKyshNfrjfkYkiRh5MiRKCkpSWnsJH2oFuGl9OPDmfCLX+EJADd6AmDwcpRE31wuFx544AEUFaW+4mR9fX1MEwMZY7jsssvQq1evlMdM0ohFeBmbOHHhbZ8OEgAuPAuKi4USAJJceXl5ePDBB+F2u1P6vKqqoqqqKqo6AYwxXHzxxejfv3+KXyWSblRm+O9e4W2f8ASAgQnPguIiGTt8YgzFxcWYOHEiMjMzU/q8oVAITU1NEd9/+PDhOOWUU1L98pB0JBm9B0B877fwBEAPL0JcqAeApEjv3r1x7733pryKXlNTU0RDAWeddRbOPPNMQa8OSTeqwYdfOfUAANDBixAXi7HzF2IsgwYNwl133ZXSOvqqqsLv93d4n9NOOw3Dhw8X/fKQNMKZsXsA9DABXg8JgPAXIS7UA0BSbPjw4fjd736X0uf0+Xzt3jZgwABceOGFol8Wkma4wXsAoIOLX0oA4mX8DyExoCuvvBI/+9nPUvZ87VUI7NOnDy655BIwZuAtPYkhmSABEN72UQIQD8kKMD28hCQdXX/99Rg3blxKnqutOQDdu3fHFVdckdIdDAk5xvgJAPUAEEJi95vf/AaXXnpp0p/nxKWARUVFuOqqq1I6F4EQklh6SABCogOImSoDPPnbqBLSHsYY/vjHPyZ99r3V+t2Eq/z8fIwZMyblqxEIOY6auD0rBAmKDoASgHgZ/0NIDM5qteJvf/sbBg4cmNTnAIDc3FyMHTsWDofw3kuS7tTE71yZYsLbPkoA4qTKhg6fmITD4cB9992H7t27J+X4LpcLWVlZGDt2LFwu2v+C6IBi+O9e6gHQw4sQF4V6AIg+ZGdnY9KkSSgsLEzocSVJQl5eHsaMGYPsbGNvwUpMhEe/T4WecB1c/OohARD+IsSDegCInhQUFGD8+PEJ7aLPz8/HNddcg7w82vqa6IjBv3uZDi5+hScAHNzY76Lxx6GIyfTs2RMPPPBAQpbnORwOXH/99QnvVSAkbsb/7hXe9glPABiY8CwoHmrY0OETkxo0aBBuvfVWZGTEvme60+nET3/6U/To0UP06RDyPZzmAMRNeAKgqDD0IDqnVQBEpy699FI89dRTOOmkk6J+bElJCW677Tba2Y/ol8HnAOih7ROeAAQVLvxFiIca8sV/EEKSJD8/H5MnT8YvBp8KVwTVel3guK5/H/zxj3+E2+0WHT4h7eIG/+4NKOKHAIRvpxSQEXYZuJ6I3FwnOgRCOmS323H9aQNx9dY1WM6sWK5KOMQsqIWWERSAowdXcJ6k4nwmo7lPT1RYhX81ENKxYJPoCOISCHPhkxiE/5b7ZR4CjLuRiOJrEB0CIRHJZsCVkHFlJ9V7m0UHSkgkjJ8ACO/9Fj8EEOKGfhfD1ANACCEppwYM3XSgWeaNomMQngB4QxD+IsSDegAIIST1eNAjOoS4+HXQ9glPABqD3NDvYri5XnQIhBCSdrjBhwDq/eLbPuEJQJMfhn4XqQeAEEJSjxt8CKAxoAo/AeEJQENAEf4ixIPmABBCSOoZvQegKSB+/pvwBKA+IH4iRDxUf4PoEAghJP0YPAGoaRbf9glPAGq9aiMXHUQcZE+V6BAIISS9cA4Y+OJL5UC1T6UE4EADa5BV0VHETg00QgkIn8tBCCFpgwfqIanCS+nHTFGBSq8kfPxYeAKwrVytlRXj9gFIDAjVHxIdBiGEpA3uqQQzbv04hBSONfsDDaLjEJ4A7G0MB0IKD4iOI1YMQLCuTHQYhBCSNnhzlYHrxwIhBc3lPtoNEAB4UGG1ooOIFWNAuOGw6DAIISRtqJ5yY/cAyKgHILzrWxcJQCAMw86kYwCCNARACCEpw71VkAycAPhlXgFA+Ow3PSQAanOIG/YSmnoACCEktbi3QnQIcfEG+RFQDwAAgDf4ebnoIGIlMYZgHfUAEEJIqqieSkgGHgOoD1AC0IJXe7lh0zmrBITqaRIgIYSkAucqeHM1rHpovWJU3axWgoYAAABqWaNaKTqIWFklQAl4EG4y7CkQQohhcE8FoIYNnQAcbFAqQT0AAABlb51cYdRiQJajr2CgcqfoUAghxPR4/T4A3333Gk1YBXZW83IAsuhY9PASyot2h47IKheeDcXCcnQqqq98m+hQCCHE9NSjCYDVoMsAwgpXv94dqgQlAAAA+bAHoZDMDbkU0HqsB2CH6FAIIcT01PoDAGDYIYCAjPIqP0IAFNGx6OEllAHAG4IhZ9K1dEP5y7eLDoUQQkxPNfgQQHOItywbox6Alhehyc+PiA4kFi1ZaLB6D1Q5JDocQggxLyUI7tFWjRu1B6Dxu7aOEoCWF6Hab8ylgC3jUKocQrB2v+hwCCHEtNT6gwDXZowbdQ5Aje9Y3RtKAHB0HORwo2roHgAACFTQPABCCEmWlu5/wLhDAIcbVUoAWpEBYFtleG/YgEsBJfZdEuCnlQCEEJI0LQmATYIh9wIIK8CmCnnP0f9SAtDyIry/le8Jylz4rMhY2C3a380H14kOhRBCTItXaxdZNovoSGLjl7m8YEto/9H/UgIArRyiesQjB31B7BcdTCzsFi0VbS7bQBMBCSEkGZQg1Lq9AACH1YCX/wB8Ib7n6BJAFVQJ8BgZAOoD3JCD6Har9jeXAzQMQAghSaDW7ARXwgCM2wNQ7+ctJWOFX/0D+kkAwgBQ1azuFh1ILFp6AACg+cAa0eEQQojpKJVbjv3bYTFmD0BlM1raOF10FeslAQgBwN5aZa/oQGLROhulBIAQQhJPrdp67N9G7QHYWSW3LGOgBKCVIACsLFP2G3FTIEerD6P3wGrR4RBCiLlwDrX6u2qrRpwDEFaBbw+qlAC0IQQA720KHfaFuVd0MNGyteqOkj3VCNUfiuNohBBCWlMbD4IHPcf+b8QegOYQ93y+PdhS8C4oOh5APwlAEADCAG8y4ERAiX23FBAAvDQMQAghCdO6+99hAYx3/Q80Bfj28Hcz/6kHoJVjL0ZNM3aJDiYWzlZdUt4934oOhxBCTEOp2Hjs306bEZt/oMqrtm7bqAeglWMJwP46dU88BxIlw/bdvz27vga48CWehBBieJyrUI+sP/Z/p1V0RLE5UK+2nuROPQCtqDi6FHBlWWhz2ID1AFtnpaHGcgSqdsZxNEIIIQDAa3eBBxqO/d+IPQAhBfi2TG7pxghBB0WAAP0kAMDRjOjNDaE93hBvEh1MtDJOyEobdywWHRIhhBiecmjVcf/PMGAPQHOIN76z8VgJYF1c/QP6SgCCAOALQ20MwHBF9e1WdtzmFJ6dS0SHRAghhqcc/m5StcS071qjqfWra3xhtCxy18X4P6CvBOBYVlTWqGwQHUy0GI4fm2o+sBpKsFl0WIQQYlg85IVa891wqtNqzBUAhxrRuk2jHoA2BFr+saFc3hLPgURpvRJAlUPw7lkmOiRCCDEs5fBqgH9XHS7DgOP/HMC6Q+GtrX5EPQBt8Lf8Y9YaeWtQ5rrYLCEaJ05Oadr1teiQCCHEsNTDx9dUcRqw+z8g8/AbG+TWu8T5Yz5YgukpAQjg6MzIvfWyvyEAw22rl2k//v9N2xfSckBCCIkB5yrkExIAlz3GgwnU4MOWg/VySw83ByUAbVLRqmvkSKNquImAGbbjJwKGGo6guWy96LAIIcRweOVmwF9/7P8SM+YQwJGm49qyYxe6eqCnBABolRltrlYN1wPA8P0PaMOmj0SHRQghhiPvP34I1WVjhpsAyAFsrpBbj//r5uof0HECsGi3vCkg6yZRitiJwwANmz6iYQBCCIkGV6Ec+Oa4Hxmx+98f5vhip9p6UjslAB049uIs2BasaPDjgOiAouU6oQcg1FiO5jLDjWYQQogwSvkG8Fbd/wCQaTfa9T/Q4Mfez/YEq1r9iBKADhz34hz2KN/EeiBR2vqQ1m/4UHRYhBBiGMr+76+gchlw/P9gg7r0hB9RAtCBIIBjOwGsO6SsNFrnuVX6/mYVDZs+Am+1lpUQQkg7uALl4PE7qmZYte9WI1E5sO6w3LqOsQIdFQEC9JcAAK0KAr20MrzGF+K6KZoQqRMz1bCnCs0H1sR4NEIISR/KkQ3Hbf4DAC4Ddv/7wmrg5TXh1uO/urr6B/SZABx7kfbWy/5aH18Vz8FEyHJ8/8PasHGB6LAIIUT3lP3f30cly4AJQJWXL2+1/h+gBCAivtb/2VOnfBvrgURpKwGoWz8f/LjPAiGEkOPIQSgHvj/+39Z3qt7tqVVPbLsoAYiAt/V/PtkVXqUYbCKATQJctuN/pvib0LD5M9GhEUKIbsn7vgIPHXcNCJfNeOP/Cgc+3hY+sffaG9PBkkiPL6sfrSYCvrIytLcpwA+JDipabWWsNaveEh0WIYTolrzzk+/9LNuAV/8NPn5w1obQwVY/UkA9ABE7bh/dQw3ccMsBc9r40Hr3rUCwdr/o0AghRHfUhoNQq7d/7+c5TuMlAAealBPHMXR39Q/oNwE47sVaczi8ymCjAHDZGSwnfm45R+2qOaJDI4QQ3ZF3fvy9n1kMWP9f5cCqMmX1CT+mBCAKx71Yr68Lr/YEeVh0UNFgaLvrqnbN2+CKoU6FEEKSiithKHsXfe/nOU7j1f/3BnnorbXhE9d9N8d0sCTTawLQjFY7Jm2qkL2VHtVwwwBtJQCytwaN274UHRohhOiGenAZeKDxez834vh/eRP/emu13HomIwclAFFRccKEiY1HlEUxHkuY7HbGrmpWvik6NEII0Y22Jv8Bxlv+xwGsPSIvPOHHPmhtmu7oNQEAThgGeH5FaIkvzHVVRrEzNqntvQE8u5fCX7lTdHiEECKcWr8PSsWG7/08y85g03ML1YbmEA++tCp0Ym+1Lq/+AX0nAMe9aOsrZE+Fh38d68FEcbfVC8A5qpe+LDo0QggRLrz57Ta3THdnGOvqHwAqvPyrTRXyiRP+dDkBENB3AvC9F21d+fe6VnQvN6PtSSx16+Yj7KmK+niEEGIW3FcDtY2d/xiMufxvdZnSVhtFCUAMQtB2Bzzm6W9DS4MyN1Q93faGAbgSQs23r4sOjxBChJG3vd/mqqhMA3b/B2Q1MH1VcPmJPwag22Vfen+Jm1r/Z1u53HzEw5fEejBR2uvKqlnxOtSQ7opDEUJI0vGwH+EdH7V5W54Bu/8PNWLhtnL5xPH+ppgOliKGSgAAYMVB5SvRQUUrt521rLKvAbVr3xYdHiGEpJy88xMg9P35cUbt/l9ZFm5rpRolAHFoQqt6AAAw49vg0uYQN9Rls7WdYQAAqPr6RXBVifKIhBBiYFyFvP39Nm/KcjDDbf7jCXD/00vDJ3b/qwA8omPriN5fZhUnTKDYWi37DjWaZxggVFeGpm2fiw6PEEJSRtm3BNxT0eZtbgNe/R9s5Av31ssnXph6odP1/y30ngAAwPfKQy0/EP5CNdjmAO4MBqmdz3X550+Cc11/TgghJDG4ivCGN9q8SWLayikjUTnwzcFwW+VdG6M+WIoZIQH43hjKo1/5lzb4eY3owKJhYe1ntv7KnWjY9FGURySEEONR9i6C2ljW5m15GW1soqZzdX616snF/mVt3KTr8X/AGAmAH9qSwGPq/AjvrlHniw4sWvmu9j/Z5Z8/Aa7KokMkhJDk4SpCG9ovhd7Rd6Re7apS363148Qv7xC0JYC6ZoQEAGgjk5q1PvhRWIWhBgIy7QxOa9u3BWv2oX7Dh6JDJISQpJF3fw7edLjN25xWwGWwrX/DCvjM9aFP27hJ993/gIETgLc2hA5WetSVogOLVr6r/Ze84sunqBeAEGJOqoxwB1f/BS6jNEffqfCq37yzKdTWeIbuu/8BYyUA37vaX1mmzBcdWLTyMtrf3zpYewB1a+eJDpEQQhJO3vkJuLeyzdsYjFn7f1mZ0tZaRg6dL/9rYZQEQEEbL+iUL4JLvEHeIDq4aFglrTBQeyoW/heqbKhNDwkhpGNqGOFNc9q92Z1hvLX/3iCvf+yL5qVt3NQErc3SPSO95PUn/uCIRw7uqVc/EB1YtAoy208AQvWHUbtilugQCSEkYcJb5oM3V7d7uxEn/+2sUd877EFbV2t1omOLlNESgO8NA8xZH1wQNtgS+iw7g8vW/u3lXz4FxVcf+QEJIUSneKAB8qbZ7d6eYdW+E40krADvbgy2NfmPwyATAAFjJQAK2phY8eKq0O4qD18vOrhoFWa2/9Ir/iYc+fwJ0SESQkjcwmteAW+j5n+LLllGaoY05R517QurQ7vauKkRBun+B4yVAABtDAMAwLcHw/MNtR4Q2piX3dL+7bUr30SgYrvoMAkhJGZq3R7Iu9svdW6TjDf5jwNYcVB+r52bDdV1a7QEoAFt1FZ+6FPfZw0+tUp0cNFgAAo6GPfiqoJDH04VHSYhhMQstGIG0EGZ88LM9ldF6VWdn1f/Y6GvraxGhYG6/wHjJQBtDgNU+RHaVKG+JTq4aBVkSu3uDwAAnj3L0LjtC9FhEkJI1JT9X0Ot3NTu7RamfQcazaYj6uvtTP4zVPc/YLwEAGini+XRrwLz/WHeHO3BRLKwjnsBAODQh1PBFVoWSAgxECWE8OqXOrxLvst4df/9Ye7792J/eyVbDdX9DxgzAWhEG8MAaw7LTbvrVMNV0emSKXXYBRaqO4iqr1+K+HiEECJaePPbUNsp+gNoQ6CFBrz631Gjzl15WG6rm99w3f+AMROANocBAOCFlcG3ZVXf+y+fyGbpuDAQAJR/+TSCtQdEh0oIIZ3iTYcR3ji7w/t0Nglaj8IqlJdWht5p5+Y2L0z1zogJANBOoYXZ60OHDjWon4kOLlpdsztOALgcwMF37we40dY6EELSCucIfTsN6GDYkgEozjJY3z+Ag3Xqx3M2Bo+0c7Nhiv+0ZtQEoAFAm7vmvLM5NEcxWDvpsDLkdbIUxrt3OWrXvC06VEIIaZe88yMo5es7vE9eBoPDaqwEQOHAnE2h9moZh2HA7n/AuAkAB1Db1g3/XBzYWOFR14gOMFpds6VOl8McXjAV4abKiI5HCCGpxP11CK35X4f3YQCKDHj1f6RJXfnk0sDWdm6uBYy1NX0LoyYAAFDT3g1f7grPVg32dtgt6LQXQAl4cHjBw6JDJYSQ7wl9+wwQ6nghVr7LeFf/Kge+3BV+s4O71ER8MJ0xcgIQAOBt64Ypi/yLq5v5XtEBRiuSXoD6jR+icevnER2PEEJSQTmwFMrBZR3eR7v6N16TU+FVdz/0hf+bdm72AAiKjjFWxns3jtdm5tXkh/LV3vBLBusEgM0S2a5Yh94vheJv6vyAhBCSZDzoQWjF9E7vV+Ay3sx/lQOLdoef94XbneFv2Kt/wPgJQD3aqbx030e+z2ub1Z2iA4xWcVbnvQChxnJtVQAhhAgWXv4MuK+2w/sY9eq/2qvumPCp/6t2bpahTUg3LOO9I8dT0c7yC18Y6md7wi8YsRegMLPzXoCGzR+jbt180eESQtKYvOszyPsWd3q/LlkMNoNd/XMAn+4KT+/g6r8OBlz735rREwAAqG7vhnvf839V5+ObRQcYreJsCbYI3pmy+ROoQBAhRAjuqUB4Zedd/1bJqFf/fNMDC/xLO7iLobv/AXMkAH4AbU49DQP8kx2hF43WC2Bh2oTAzqghHw7MvQdcNdT+E4QQo+MKgkseAw/7O71rSbZkuJr/HMCCHeEZ4faX9zVDa3sMzQwJANBBJvb3D/3fVHn5OtEBRivfxeCydX6/5gNrUPnVs6LDJYSkkfC6WVCrt3d6P5cNyItgYrPeVHj4+okf+VZ0cJfqiA+mY2ZJAGqhVWP6njDAF2wNvWy0ugAAUJIT2dtT8eXTaD6wVnS4hJA0oFZtRXjT7IjuW5LT+aRmvVE58P62QEdX/2EYcOe/tpglAeDoICO7/1P/t+UGrA6YZWedbhQEAFyVsX/OXbQ0kBCSVDzoQXDJYwDvfO6b28mQZTda8w8calRXT/o0uKqDu1TB4JP/WpglAQC0BKDdN2X+luBLsgHfsm45EqQIfodCdQdxYM5d4BH8YhJCSLQ4VxFa8k9wb1Wn95WY9t1lNLIKzN8ceqGDu6gwweS/FsZ7h9ono539AQBg8hfBlQfreefrVXTGHuGyQABo3L4QlYueER0yIcSE5HWvQzm8OqL7dsk03rI/ANhXryx6eFGgo97iGrSzEZ0RmSkBAIAOd8p55lv/00Gl7bkCetY1W4LTGtl9K754Ck07vhIdMiHERJRDKyFHOO7vtBpz2V9IgTxjRfC5Du7CoXX/m4bx3qWOBdFBZabX14X276hW3oz8cPrAAHTPjeyt4lzFgdl3IlR3UHTYhBATUJuOILjknxEPL3bPjWzYUm+2VCgzZ64JdbSHTAMMXPe/LWZLAIBOegHu+8D/ij/E6yI9mF5k2RkKIlxOI/sbsWfmH6GGA6LDJoQYmRJEaPEjne7y16LQZcyJf74Qr5/0qf/1Tu5mur3YzZgAeNFOYSAAWFMhN31bphhy4XxJTmQVAgEgULEdZbRfACEkDqFvp0Gt3RPRfW0S0NWAE/8AYNk+5amVh+XGDu7SYbtiVMZ8tzrXYaZ2yzzvB/U+tfMqFjpjYUC3CIcCAKBu/Xuo+vpF0WETQgxI3jwX8u4vIr5/91zjVfwDgFqfuuNPH3g/7uRuprv6B8ybADSgg7GaJj+U2RtC/zFicSC3M7LaAC2OfPwoGjZ/IjpsQoiBKPu/RnjNKxHfP9rvJb1QODB3Y/CJJj86qqcegMF3/WuPWRMADqC8ozs8+EVg7f56ZZHoQGMRTabNuYr9s++iSoGEkIgo1TsQWvrviCf9WaXoeib1ZF+d+tmDnwc7W9t4RHScyWLMdy0yddAyt3Y9+21wWkDmhlsWaJOAHu7I3zouB7Dntd8jWLtfdOiEEB3jngqEviwFlyOf7N49N/K5SXoSkHno6W8CnW1n6IdJyv62xYBvW8Q4OsncZq4NHVhfrs4UHWgs3E6G/IzIu9wUXz12v/wbKD7TfpYJIXHggSYEPp8AHmiI+DEFLga3Abv+AWDtIeWVtzaEOlsvbdqrf8DcCQCgZW4dbtl423v+l+v9fJ/oQGPRPVeCI4pqW6G6g9g784/gSkh06IQQHeFKGKHFj4A3HY74MQ5L5BuW6U2tjx+4+8NAZxd/Pph07L+FMd+96HSYwR2slwNvrAs+rHIYbkqgxIBeedHttuXdvwoH5v6N9gwghGi4itDXj0Mp3xDxQxi07x4jzvpXOPicDcFH9tbL/k7uauqrfyA9EoAGdLJ+c/KXgfW765R3RAcaC5eNoSgrut/C+g0f4ODbfwe44XIeQkgicY7Qt9Og7F8S1cOKsxlcNgO2/gB2V6mzS78IdLY7rA9AYyTHM7J0SACATlYEAMA97/mf9YV5dSQH05vibAkuW3SPqVv7Dso+eEh06IQQgUKrX4S8s7Ml8MfLtDND1voHAF+YV931vm9GBHeNfCzEwIz5LkavEZ30Aqw4LDd9vEP+lxGviRmA3nmWqLvjar59DeWfPyE6fEKIAOG1r0Le8m5Uj7FKQG93dMOOesEBLNgaemx1hezp5K5eAE2i402FdEkAgAjGc26d17zwQL36mehAY2G3AL2jnA8AABULn0blV89F+ShCiJGFt8xDeONbUT+up1sy5Da/ALC/Xln4l/f9kWwJb/qx/xbplAA0IYKsbsqXwaf8Mu8sQ9SlbEf08wEA4Min/0LV0pdEh08ISQF5+wcIr3o+6sd1zWbIcRjx2h9oDnPvQ5+FHo/gro0ADPn9H4t0SgAAoAzoeLb/h9uClV/vUZ424lAAAHTNlmL6JT380SOoXT1HdPiEkCSSd36C0Iroe/xyHAzFBh335wCW7Fae/HhnsCqCu6bF2H8LY76jsQsAqOnsTrfM884va1RXiQ42Vr3yoqsPAADgHAffvR/V3/xPdPiEkCSQt3+I8LdPR736x2HRvlOM6kC9uuLW97zvR3DXanRSN8ZsjPuuxu4wALmjO/jCUKd+GZzSHDLmUICFAX3yJUjRdgRwjkMfTkHFl0+JPgVCSALJm+citPyZqOt/SEybW2TE9f4A0BzmTVO/Ck71hdHZicuIYLWY2aRjAqAggjf6vS3BI5/ulB8x6lCA08rQM8YNOsq/eApHPvmn6FMghCSAvHkuQqtfjumxPXIlZBh0vT8H8NEOeeoHm4ORNOxH0MmFoRmlYwIARNjV86d5zZ/vq1PmiQ42Vu4Mhi6Zsf3yVi6ejkPvPUgVAwkxKs4RXvV8zI1/URZDXhT7jejN7lrl3b/Ma14YwV0jGho2o3RNACKe7PGHd/1PNod4ZxtG6Fa3HCnmX+Lq5TNx8O2/gatplxgTYmxcRWjZUwhvie36xe1kKMk2bvPgCfFDf33X/3SEd+90crhZGfcdjl8jIij1uKlcbn5xZXCirEIRHXCseuRKyLTHlgTUrZ2HA7Pvog2ECDEKJYTg4kch7/o0poe7bNp6f6NSONTX1gQnRVDwB9BKxadF0Z+2GPddToxDiCDze2RRYMv6w3Ik5SN1SWJAn1hWBhxVv/FD7Hrh55Cb60SfCiGkAzzoQfDzCVD2fx3T4x0WoG++JfoJxDqy+qD8zOQvAhsjuGvaLfs7UbonAAEAna0NBQDcONv7aoWHrxUdcKysEtCvwAJrjO9484G12PHstQhU7xV9KoSQNnBPBYIf3QWlYlNMj7dKQN98KebvCD0o9/D1N8/1zorw7pXQ2oC0ZeC3OmGOAAh2dqcmP5SHFwZKm8PcKzrgWNktWk9ArMl9qO4gdk3/Cbz7DVsigRBTUqu3I7DgTqiNh2J6vLafiASH1biX/v4w9z66yD+51h/RbP4g0nDZ34koAQBUAAciueOcjcEjH22XH1EMPF0k087QK47xPdnXgN0v/gr16yOpq0EISTblwFIEPrkPPNAQ0+MZtEI/WTHOE9IDlQMfbJenvLUhFOmE7YNAp7UBTI8SAI0HQG0kd/zL/ObPtlQqr4kOOB7ujPiSAK6EsH/OnahcbNhpEYSYgrx5LoJfPQIonXZitqtHrgS307iNPwBsLFdevm1+85cR3r0GaTzxrzVKAL5zCBEWgrjhdc+zlV51ueiA45GXwdA9J463n3Mc+eQx7H/rDqihtKqeSYh4Sgihpf/R1vhHWdq3tW45EvJdxm78qzzqqhvf8LwQ4d3D0L7rCSgBaE2Gth60U7V+yHctCE30h409hlSYydA1O75f/voNH2DHtB8gULVb9OkQkhbUpiPwf/hXyLs/j+s4JdmxFwrTC3+YV971SXBCnR/hCB9SBhh3SXeiUQJwvDpo60I79cXOQP0LywN/UzgMvUC+OEuKaQvh1gLVe7DzuWvRsCW2dceEkMgoZSsR/PAO8Pp9cR2nSyZDkUF392sRVhF+aXXw3s+3ByMavoVW96VedNx6EuPKcFNrBlCICJKjr/fLNcO6Wxr65FsuNnIene1gUDngizSHbgOXQ2jY9BF4OIisfueBMWN/uZiNtGUjpG2RLQ9r7nMSvH1PEh0yaY1zyFveRnjZU+BxjPcDQKGLoXuM+4ToBQewaLf8yB3v+yIteKAA2A26+j+OsT8FyRGCtjQwIje+2fzOrlrlbdFBx6tbjoSCeMcCOUfl4unY8+r/QfY1iD4lQkyBBz0IfDERodUvx703R4EJGn8A2F2tvPeLt7zvRfGQw4Cxe2uTwfifhOSoAhDxev9fv+l/qqZZ3SY66Hj1yJUSMibo2bkEO6Zdg+YDq0WfEiGGplZtQeCDv0A9vCbuYxW6GHqYoPGv8qrbbprtfzyKh3ihbQBHTkBDAO3zAihABElSfUCVa/181Yi+1jF2C3OKDjwe2Q4tAWiOM1dWAh7UrXkHsq8BWf3PB5PooyYSDQEYDFcQ3vAGQkufAELx1x4rymLoFs+qH53whXj9pE8Dty09EI60LrkCYBeo679Nxv9EJE8QEa4KAIDZ60OHXl4VvFNWO68qqHddsyWUxLk6AAA4V1G97BXsmvFTBGv3iz4tQgxB9VYi8PG9CK+fBSRgO+6iLGPv7NcirCL8vzXBv8/eFIpmGd9BUNd/u+iyrGN+AE4AGZHceck+uXJAF8veU4osVzLEXHFXFzLtDDYLQ1Mw/rKH4aZK1KycDYszC5k9zxR9ammJegCMQdmzEKEvHwT3JGaFcbccCcUGn+0PACoH/3hH+IG7P/Qvi+JhdaByvx2iBKBzHgD5iPC1WrAtvH/kSVZ/SY50nujA4+WyMdgTlARAldG0czEClTuQ3f8CSPaIciqSIJQA6BsPNSP0zRMIb3gDUCOqR9YhBqBnroRCg6/zb7GyTHnyxjejmvQXgjbr38CF25PP+Klh8ikA9iGKD9I1L3tn7atT54oOPBHyXQy93bFvIHSihs2fYNtTo1G3dp7oUyNEF5RDKxF8709Q9n6VkONJTKvtb/QKfy121aizf/CqJ9Id/lrsB437d4oSgMh4oW0dGZEwwMe93PTvSg9fIjrwRHBnMJxUmLhtQmVPNQ7MvRt7X/0dQg0Rr7gkxFz89Qh+9QiCXzwItTkxk9StEtAv3/i1/VuUe9VlP3il6cloHwat55Z0ghKAyB2BViQoIrV+yDfMbp5Q7zf+8kBAGw4YUGiB05q4YzZuX4jtT41B9bJX417fTIhhcA5lz0L4598CZX+kdWw657AAJxVIyDTwrn6tNfrV7b970zc+ijK/AOADjftHjOYARMeDCJcGAkC1Vw0fbMK3l/e3jrRbWKbo4ONlkQB3hgRfGAgnqHONyyE07VwMz+5vkNnrbFgz80WfpinRHAB9UJuOILT4HwhveRdQEjc53WUD+hdYYLeYo/FvDqmVd38Y/POi/REv9wO07X13IcJN3QglANFSoO0m5Y70ATuqFK9V4mvP6WkbbZFgE30C8ZIYkOdiCClAIIG/ZuHGctSumg1wFZm9zgSTEtjVQCgBEE0JIbxpNkJLHgNvOpzQQ7udDH3yLbCYpD83KKP5ycX+P7+6LnQwyofuB3X9R4USgOj5AdgARHxF/+1BpSbPifVndrNcJTFm+JaNAch1xr9/wPdwBd69y1G39l1YXfnI6HoKwMxxRSMaJQDiKIdWIvjlg1AOLAN4YuelFWVp1f3M8msiqwi9uiZ01yNfBSL7sH6nClHM0yIaSgBi0wQgG4A90gcs2itXdM+1bB3U1XKlxMzxumc7GJxWBk+QJ3StjRL0onHrZ/DsXAJn8cmw55aIPlXDowQg9dTa3QgufhTyptkJqebXmsSAnm4JXTJNctkPQOEIv7kxdOd9H/lWRvnQZmgrtUiUTNEQCdKEKOoDAMBnO8OHTu7Ctg7sYh3FTDIB02ljyHUyeIMcSoJX3IabKlC7Zi5CdWXI6nUWJIfhp1EIQwlA6vBAE8Jr/ofQsqfAvYm/KHVYgP4F0rGy3WagcigfbAvfe/t8XzSFfgBtSHYnaMlfTCgBiJ0KLfMsQBRV/z7cJh8a3NWy76RCyxVGrxbYwiox5LkkBGUgmITpN/7ybahd9RbAJGT2GELzA2JACUAKqGGEt8xD6KupUCs3Ixk1aHIcDP1MNNkPADjAv9wTmvTbOb4vo38odgMIiD4Ho6IEID4haIlATjQPmr8lvG9YT2tlnzzpErP8GktMqxcgMcCbhMrbXA7Bs/sb1Kx8S5soSIlAVCgBSCJVhrL3KwQXTdWW9SmJnBjznaIshp5uCZJZvjSgteBL9oYfu/EN3/sxPPwQgHrR52BklADErxmAA4Armge9vSm048I+Nm8Pt3S+iX6fkWlncNm1IQE1CUU41bAfnt3foG7dPDDJAle302inwQhQApAEXNEa/q8ehrzrUyAUcZmQqFgloE+ehAKXKUYNj+EAlh9QHr/ude+cGB5eByCxyynSEH1zJkYTtKWBUS3zm70htOnS/lalW4403ExJgMPKkJfgegEnUgIeNO1cjLp18yDZMpBRcioYM9cXZCJRApA4nKtQDyxFcNFUyLs+SfgEv9Yy7Qz98y3IsJnpG0Jr/FeWyc/+8FXvzBge7gewB1TnP26UACQGh5YERFwkqMUb60PrrhxgsxZnS2eZ6VfcImn1AiQGNCdxM04l4EHT9oVo2LQAloxcOItOokSgDZQAJABXoOxbgtDif0DesQAIJm/JOQNQfLTL3yzr+1twAOuPKC+P+5/3+RgeLoOK/SQMJQCJo0DbMyCqSYEA8Pq60KoR/a2B7jnSuWZKAhi0K5hsJ0NzElYJtCb76tG45VPUrpoNNdQMZ8mpkGxO0S+BblACEAc5AHn35wgu+SfknR+DB5uS+nR2C9A3X0K+K3GbcOkFB7D2sDp9zMueGTE+fA+0cr8kASgBSKwQgCCAvGgf+Ob60IYR/Sz1PXItF4k+iUSzWbRVAooK+JMzP+oYNdQM794VqF3+OsKeGjiLB8DizBb9EghHCUAM/PUIb3kHocWPapP7knjF3yI/Q6vq57CarenXWu9VZfJTV//P80qMhzgAoEH0eZgJJQCJ54d28Rt1q/Pm+vDW83tYy3rmS5eaZYlgC4kBOU4Gp42hOZScCYKtcSUMX9l61Cx7Bb7Dm2DP7wV7blfRL4MwlABEjtfvQ3jdTAS/eQJq+fqE1uxvj4UBvdwSirPNNcu/BQf4N/vlh3/0WkwT/gBtM7Yq0edhNpQAJIcHMawMAIA5m0K7B3e17OpfYLmcMXMUC2rNadV6A8IJ3kugfRzBmn2oXTUb3r3LwSQrnF36pt0SQkoAOqGGIe//GuGVMxBa/RLU2t0JL9vbnhwHQ798i2l28TuRyqF8uSs8/oY3mj+K8RC10Jb8kQSjBCB5GgFkQUsEojJ/S3j/SQVs58ldrJebpWxwa5ajNQNcdgZfKLlzA1oLNRxG45ZPUf3tawjVH4I9tyts2UWiX46UoASgbWpjGcKb30Ho68eh7PkS3FuRsue2SVo535Js8030a6FwyB9tD4//zdzmL2I8hAfAXtHnYVama1x0pgFALqJcHggAC7bLB7plS5tOK5auMMMGQm1xWBnyXRJ4ojcV6gSXQ/Ad3oyalW+iafuX4HIIjsK+pp40SAlAK0oIysFlCK2YgfDqF6FWbQHkYEpDaBnrd5lseV9rsorgnI3Be/4837ckxkMEoM34V0Wfi1lRApBcHFpPQFR7BrT4bFf4cEEG2zC4xHqFGbYSbovEtE2Fsh0MvjCHnOJf9bCnCk07F6Pm25kI1uyDZHPA7u5uuuJCaZ8AcAVK+QbIG2cjtPTfkPcuSunVfguHBeiTr23iY8ax/hYhBc0vrQ7cdt/HgVUxHqKlxj8t90sic33L6VPL8sB8xDCxb+EeuRxcXTa0h/Vim4WZdjccu4UdW/bkS/6cq+/hShj+8m2oX/8ear6diUDVbjCLFY68HqZIBtIxAeBcBa/ehvDmdxD85kkoOxZArdsDqKlvUySmlfLtlWfOGf6t+cO88omv/H9+dHFwS4yHUKFd+VON/yQzZdeyDjVDW7/aHzHsAvjE0tCOAw3st/8a6/h3lkMaKPpkkkViQNdsCQUuoMKjos4vptCX7G9E3dp3Ubf2XVhdbuSccjncQ8YiZ8DFYBZTdsSYhtbob4e8bwmU/V+D++tEh4QcB0P3XAl24+eRnWoOqdvu/jB417wtoeoYD0Fr/VOIEoDUaYK2Z3U/xNAT8O7mYEVZjXLLzF+6puRlSBeLPplkslm0yVF5Lo7yJjWl8wNOJPsavksGMvORc/IIZJ98CXIGXAxrZr7ol4oA4EEPlCNroR5eA+XwanC/PvaHcdmAkhwJWSad3X+i2ma++Bdv+iatK5dj3RShpfFPbqUlckx6fDL1JQ9AX8T42udnwPbBzdl3n1Rg+YnoE0mVer+WCIR1NhUoo/hk5JxyObJPugBZfc/Vde+Adc7rsL7zRkT3rbx0FCouHy065HZxroLX7YVavg7y4XVQKzcJ6dZvj1UCirMkFGSytPmCPVCvvjXmpaYna/0xj9lzAPuhbfJDUoR6AFKvHtowQJ9YHlznR/jSZz2PffDbrENndrfeYbaCQW3Jy2DIcVpQ6VFR08x1swOIv3In/JU7Ubl4OqwZucg66SJk9TsH2X2Gw1E0wBRzB3SBc/DGMihVW6FUbIByeC2Q5HK8sWAACjMZirMlWEz/W6nhAF9zSP7vj/7nfT0c3+Y8B0GNf8pRAiBGLbQJmD1jeXAY4KNf9r7+4k8yK8YMtE22SrCLPqFkszCgW46ELplAdbO+EgFAmzfQsGkBGjYtAABIdhcySk5DVp9hyOwzDFm9h8GSkSM6TGNQZaj1+6FUboFatQVK+QZdNvgtGLQktTg7Pcb5W8gqQh/vCI//3dvNi+I81CEANaLPJx1RAiBOFbQkoFusB/jd281fjL/ceeQP5zifcNpQIPqEUsFm+S4RqPSqqPPpKxFooYZ8aD6wGs0HVgOLASZZkdF1IDJ7nQ1nySnIKB4IZ9eBsDhMu7AjMkoQakMZ1Lq9UOv3Qa3erlXh01GXfnvSteEHAL+MhldWB+4s/TwQ2dKS9h0GUCn6fNIVJQBilUMbDoi5SP3DCwNb9zbwmyePdPwjxyENEn1CqWKzAD1yJRRn6TsRaMFVGb4jW+A70mplFGOw5/VARlctIcgoGQhn11PgKOhtylLF3F8HtXY3eMMBKPUHwGt3Q20sA7jOJndEwO1k6JrNTL+kry2NPnXLxC+C983eECyP81DlAFJfjIEcY75vGeM5DC0JiLkm7Ztrg0eW7FJ+P/83rjt6uaWfiT6hVGpJBLpkclR6ORr8+k4EjsM5QnVlCNWVoXHr58fdZM3IhT2/J+z5veDI7wV7fk848nvCkd8bNneJLhMEHvKCeyrAPeXg3gqozbXg/jpwT7nW0Ke42l6iMWglrIuz0rPhB4CyemXez2b5/72nXo53jX4ltA1+iEDp+SnWp24ASuI9yNxfZV51UW/bQxIzZ+XAzoQVoManorY5dXsMpBqz2GDNLIDF5YYtMw8WVx6smfmwZrhhzcyD5ejfzOo4thWy67OFcH7ySUTHrzj/QpSff86xXfB4yAseaARCHvBAE3ig6di/EfJA9TdoS+9SsGueCBLTuvq7ZKZvw69yyGsOhf999SvNcxNwuApoFz5EsPT8NOtXVwDd4z3I5Cudp/56mONfTitL2/1vFQ7U+ziqm1WEUrOpGzEZmwTkuxgKMyVYTbpZTyT8YVS/tj5w76RP4h7vB7Sr/niHDkiCpNnUFd3zQqt9nRvPQRbtlWu21uKTEX0sA102FndCYUQSA1x27cvbaWMIK1x3dQSIPmVYgZJsCT3cErIdzNQ1+ztT61OX/+W94F9eXBE4kIDDlYEm/OlKGn+0dS0fWp2AuN6fnAxY3vlFzm+GlEh/ojca8IY46nwGmydAUqJlfD/fxdKmcl9HOICd1eqsH73aNK3Oj3hrcXJo6/xpqZ/O0Cddv+KqGNjaiz/JHDn6ZNtEmwVpvuZMo3Cg0c9R06zCr//VZiSJnFZtfD/fld7d/K2FFXg+3Bae/Md5ca/vB7TG/wC02idEZ2gIQL8C0DbEcCPOJOD9reG9Bxr4xxf2sZzktLIeok9MNIkBGTaGgkwJuU7tpQ3K8ZUxI8YhMSDXydAtR0K3HAmZ9vTu5m+tKcjXTPoscPsji/yJGO/nAPZCq35KdIg+9vqXgxh3EfzegVyQ5v8q+4bTiix3MEr+jtPSK9AQ4PAGaYjAbBiALAeD28mQm8HSplRvpDigbK1SZ1z/WtNrcdTzb00FsBuAR/S5kfZRI6B/QWi/RLmI8/0KhsFfXRPalOVki4d0tQ61SsgTfXJ60dIrkJeh9Qxk2Bg4B60gMLhMO0NRpjahr9DFkGGjq/0TBWUc/N/KwB2/ntP8mV9GIqbKhgHsgrYNOtEx+lUwDgeAkwA4E3GwM7pZM2b8OOOvffMt14k+MT2TVcAT1CYOeqhnwBAy7d9d6dtoXL9DhxvU92+Z6/vPqgrZm6BD+qFd+ZuzKITJUAJgLBZowwHZiTrgC9dlXDh6oKPUbqHegM6EVcAb5GgKaMmAWQsNGY1VArLsDDlOhiwHNfqRCClo+mxXeOr/zW1emMDDegDsAUD9ZgZBCYDxMAC9gcRt/nPtYEfXB0c6JnXNls4RfXJGwQEEwloi0BQEmkOUDaSSy6aN6WfZtUafvsgiV+NTvx3/cXDK/K3BqgQethbabH/6RTAQ+r0xroSUDm5hA9jrP3dddXFf+30WKXE9DOlCPto74A1xNIc4ArS8MKGcVq1rv6XBpyV70ZNV+FYcCD/zy9nNc33hhIz1tygH1fU3JEoAjK0AWm9Awt7Hq09zuh8dbf9rl0zpatEnZ2QKB3xHkwFfWOshUOnaKCIMQIZNa/BdRxt9avDjU9Wsfj7h0+C/39sSTGQxHg5gP4A60edHYkMJgPFlQZsXkNDt4V76ScYFVw1wTLRb0UX0CZoBB+APc/hC2t8BWeslSPekQGLa1b3Tqs3Qd9m11Rj0xZQYsorKhXvCj//qrYQU9WlNgTbeT8v8DIx+z8zBAS0JyEjkQc8qsWY++2PX7/sWSL9g9FlJirB6NCEIcwRlwBc27/CBTdIad6etpcEHHFZq7JOBQ5vhf/v7vie/OSA3JfjwfmiNv7H3dyb0u2ciEoBeSODkwBYPXeUc/IszHROyHewk0SeZDji0bY2DMoesAmGFI6RoNQlCMkdQp3OsLQxwWAG7hcFuBWwSg9UCOCxaQ0/r71PDF+L73toYnHr/x4ENSTh8HbTJfrS1lgnQr6T5FEJLBBL63vbKszpfui7jpkFdLTdbGGyiTzKdqVybdCirWoKgqt/9Xzn2b0Dl/Nj9j/4TytF/c3w3/CAd7d5hDMcq5DGGYw22xLQxeKsEWCTAKmn/l47+7Nj/6dtEKIUjtKVcfvE3cwKvH/bIiV6Hz6FN9KsQfZ4kcehX1pyyoW0klPCG+qazHSV/u9T5f0WZ7EeiT5IQoqlq5oufXOp/8qWVobIkHD4MraZ/oooFEZ2gBMC8bAD6QZskmHCPj3MO/vFg+9+y7NIg0SdKSLryhtSdC7bJj9/+vm9tsp4CWuMf75bARIcoATA3Bq1eQNdkHDwnA5aXfpJ5xQW9bHdaJVotQEiqyCrqVh2Up930jvfDJl/SxuNrABwEFfcxLUoA0kMBtHkBSVlNPbyrNevxH7quP7mL9HuJwS76ZAkxK5VD3lurvnXvR76XkzC7v4UCreGn9f0mRwlA+nAA6IMkDQkAwG+HObrfdqHjLyU50pX0wSIksSq9fPEz3/r/O2N56EASn6YZwD7QEr+0QN/T6YVBKx/cFUl87/8xxnnGdYPtt+Q6aW8BQuLVGFCXz90UmjH+k8CmJD4NB1AJbaY/dfmnCUoA0lMWtFUCSe2uf/Jq56BrBjluz7KzoaJPmBCj8QT5pkV7Qi/+/h3/N0l+qhC0q36a5Z9mKAFIXxZo8wLyk/1E/xnnHPyDwY47su3sLNEnTYjeeUPqlq/2hGf88W3/t+HkX43XQyvso9PyUiSZKAEgedA2FLIk80lsAHvyh66howfabs1ysNNFnzQheuMNqNu/2hd+NkUNvwKgDNo2viRNUQJAgBRMEGzhskF6+ocZ513az35bloMNEH3ihIjmCao7l+xVXvrLe82LErxNb3u80Lr8E10tkBgMJQCktSIA3ZGk5YKtuWyQ/jXWdfZVA62/yXFI54k+cUJSrSnI1329V34rhQ2/AuAwgGrR5070gRIAciIbtLkB7lQ94b2XZvS98XTb9SW50rUswdsaE6Izap1f/eydzeHXJnzi35nC522EtrafrvrJMZQAkPbkQUsEUtYg//RMR/Ft59uv7V9gucHCkCn6BSAkURTOA4cb+AfTVwRnvrQqeCSFTx2GdtVPY/3keygBIB2xAOgBbYfBlDm9xOqaPNI58szu1t9l2NBN9ItASKyCMqp31ygzx3/sf//bQ3Kql9nVQ7vql0W/DkSfKAEgkciG1hvgTOWTFmXA/p8fZF4yvJf1OreTDRP9IhASqaYAX73qiDz3znebl1T6U76RThBaw5+sUsHEJCgBIJGSoG0sVAQBn5s/XeDq+suzrKP65kk3WlhqeyQIiYSsouFQk/rBnA3h+f9e4k9mud72tFTzKwdSMqmQGBwlACRaDmgrBfJEPHlxBmz/vDpj2Dm97dflZbBLGH2GiWANAb5+Y4U8554Fwa8O1MmiJtk1QVvXHxD9ehDjoC9PEqtsAD0BZIgK4KazHSW/GWq/rH+h5adOK3qIfkFI+gjKvHJ/I5/7wsrgxzNXBysFhhIAcAjaLH9CokIJAIkHg7bVcHcIXL5XkAHrQ1e5hl3Q2zqqJEcaKTFxSQkxL5XDV+1VP/9mv/zp3z/1rWnyCy2fK0Pr6q8Gbd5DYkQJAEkEC7QdBosh+DPVPcdmG3+l7fTzu1uv6JojjZNoOSGJg8p5oCHAv9pwWPl8ypfBFVuqZNFd7Bzakr7DoNn9JE6UAJBEckJbNpgrOhAA6J1vtf/9MvuQo8nA1RKDS3RMRP9UjmBDQF204bDy+aOLgyvWHxHe6Ldogtbd7xcdCDEHSgBIMuRAWzGgm6vv00usrvsudZwzpKvlqsJM6VKJJXcrZGIsKkeo1qcuWl+ufP7Pr4IrN5bLPtExteIFcASAR3QgxFwoASDJlAstEdDVlXfvfKv9byOsJ53Tw3ZxSbZllN2KXqJjIqkXknGg0qsu3lgRXvXk0vAGnTX6ANAMreGn9fwkKSgBIKmQA22ioK4SgRa/PNvR5ceDrGcN7GK5JN/FLrEwltKCRyQ1VM4DjQEsP9igLPtit7Lun1/594mOqR1+aBP86kUHQsyNEgCSSrrsEWitd77V/reL7YPO6m45v1u2dInLzvqLjonELihjd4VHWbTqkLLin0tCWwWu049EANoVPzX8JCUoASAi5AMoQYpLC8dizEBn7nVDpH6Diq2nF2eyYS4HG8pA8wf0iAOKL6TuqvZh1Z4aZcO8LfKWuRuDRtj6lhp+IgQlAESkXGjLB7NEBxKp/vlWx2+H2/oM6yYN7p5nOTs/QxpmkVAgOq50pHB4mgJ8zRGPunZ7jbJjxrehrRuOyEaaIe8DUAWgDrSWnwhACQDRgyxoNQTcogOJlssG6bfD7N0v6W89rW++9eTcDJySZZNOlRhyRMdmJipHkzesbmv0Y/u+emXHwt3hba+uDh32hQ1X854DaIBWs79ZdDAkvVECQPTEAW2zoUJomw8Z1tWnOd2X90WPgV2sfbrlSKflZrABGTZ2msTgEB2bnnFADsoo84XVHeUevrWsTt637KBSNnNt6IgBG/vWVGhd/BWgev1EJygBIHpkBdDl6B+b6GASpTgDtl+em9FjaInUu0eu1D3HzrpnOtHTaZV62y3oCoMnPVFQQwrKA2H1YHMQZU0hfvhQo3po3SH1wGur/YcFbJ+bTGFo3fw1oMp9RGcoASB61rLXQCF0VFQoGQoyYL1mkKPgjBJW1DPP0rU4i5Xk2Fj3DDvr6bJJJRYJ+UYpa6xyNMsK6gKyesQX5mUNAX6k2sfLy+qVivVHePWHW4M1tX7TN4bN0Or00/g+0S1KAIhRZEBLBAqg7T2QdnrkwDqshzOrT4GUXZKtZnfNZLm5TktuVgbLybLB7bAwt8MOtwRmt0rcIjGWBQAWCRkAcwCAzYJcDjAJsElMm3ypcnhVIMwAHlZadpXjQUXVSs4qHB5FhaqCh4IhNPgV3uALo8Hr502NAaWxopk3lnskz/5a1bP6UMB7qMn0jXt7ZGgNfg2oXC8xAEoAiNEwaJMFCwGaaEd0wYfvrvaNPE+BpBlKAIiROaD1CBSA1uaT1ApD25WvBkBQdDCExIISAGIGDFpNgfyjf6fLZDqSWiqARmhX+o2gsX1icJQAELORAGQDyDv6h5IBEg8V2i589dDW7yuiAyIkUSgBIGZGyQCJBYe2Ax81+sTUKAEg6cICbfJgHrTJg/TZJ61Ro0/SDn0JknQkQSs/nAstKaAJhOkpBK3Rb/lDjT5JK5QAEKKtJsiGlgxkg4YKzEoF4IU2pt8EbfkeIWmLEgBCjtcybyAHWg8B1e43tiC0GftN0Bp+WqdPyFGUABDSMRsAF7QhgyxoJYnp90afOLQG34vvrvRDooMiRK/oi4yQ6Ej4fkJgFR1UmlKg1dxv+eMFjeMTEjFKAAiJXwa0ZCCj1Z+03K8giRRo9fX90Mbum0H19gmJCyUAhCSHDVoi4ITWY9CSGNDvXMc4tG77ALSG3n/039TYE5Jg9GVESOowfJcIOKAtP3Qc/WMTHVyKhY7+Cbb6u+UKn0rsEpIClAAQog8M3yUEJ/5tgzbPwCjLE1VoW+OG0HZDHwI18oQIRwkAIcYhQZtbYG3nT8tt7OgfS6vHtfyuW1rd3pJQqNAaZI7vJtFxfLdkTml1u3z0/3I7fxTQUjtCCCGEEEIIIYQQQgghhBBCCCGEEEIIIYQQQgghhBBCCCGEEEIIIYQQQgghhBBCCCGEEEIIIYQQQgghhBBCCCGEEEIIIYQQQgghhBBCCCGEEGJQ/w+wU5C/qyIWJQAAAABJRU5ErkJggg==', 'text', NULL, '2026-03-03 15:18:31'),
	(32, 'printer_enabled', 'false', 'boolean', 'Habilitar impresión directa por tiquetera POS', '2026-03-03 16:35:47'),
	(33, 'printer_path', '\\\\\\\\localhost\\\\ImpresoraPOS', 'text', 'Ruta de red de la tiquetera en Windows (ej. \\\\localhost\\Impresora)', '2026-03-03 16:35:47'),
	(34, 'printer_width', '58', 'number', 'Ancho de la tiquetera (58mm u 80mm)', '2026-03-03 16:35:47'),
	(35, 'smtp_host', 'smtp.gmail.com', 'text', 'Servidor SMTP (Ej: smtp.gmail.com)', '2026-03-03 16:55:59'),
	(36, 'smtp_port', '465', 'number', 'Puerto SMTP (Ej: 465 o 587)', '2026-03-03 16:55:59'),
	(37, 'smtp_secure', 'true', 'boolean', 'Usar SSL/TLS (true/false)', '2026-03-03 16:55:59'),
	(38, 'smtp_user', '', 'text', 'Usuario o Email SMTP', '2026-03-03 16:55:59'),
	(39, 'smtp_pass', '', 'text', 'Contraseña App SMTP', '2026-03-03 16:55:59'),
	(40, 'email_notificaciones', '', 'text', 'Correo destino para Alertas', '2026-03-03 16:55:59');

-- Volcando estructura para tabla polleria_db.crm_interacciones
CREATE TABLE IF NOT EXISTS `crm_interacciones` (
  `id` int NOT NULL AUTO_INCREMENT,
  `cliente_id` int NOT NULL,
  `usuario_id` int NOT NULL,
  `tipo` enum('llamada','email','whatsapp','nota') COLLATE utf8mb4_unicode_ci NOT NULL,
  `observacion` text COLLATE utf8mb4_unicode_ci NOT NULL,
  `fecha` datetime NOT NULL DEFAULT CURRENT_TIMESTAMP,
  `created_at` timestamp NULL DEFAULT CURRENT_TIMESTAMP,
  `updated_at` timestamp NULL DEFAULT CURRENT_TIMESTAMP ON UPDATE CURRENT_TIMESTAMP,
  PRIMARY KEY (`id`),
  KEY `cliente_id` (`cliente_id`),
  KEY `usuario_id` (`usuario_id`),
  CONSTRAINT `crm_interacciones_ibfk_1` FOREIGN KEY (`cliente_id`) REFERENCES `clientes` (`id`) ON DELETE CASCADE,
  CONSTRAINT `crm_interacciones_ibfk_2` FOREIGN KEY (`usuario_id`) REFERENCES `usuarios` (`id`) ON DELETE RESTRICT
) ENGINE=InnoDB DEFAULT CHARSET=utf8mb4 COLLATE=utf8mb4_unicode_ci;

-- Volcando datos para la tabla polleria_db.crm_interacciones: ~0 rows (aproximadamente)
DELETE FROM `crm_interacciones`;

-- Volcando estructura para tabla polleria_db.detalle_compras
CREATE TABLE IF NOT EXISTS `detalle_compras` (
  `id` int NOT NULL AUTO_INCREMENT,
  `compra_id` int NOT NULL,
  `producto_id` int NOT NULL,
  `cantidad` decimal(10,3) NOT NULL,
  `precio_unitario` decimal(10,2) NOT NULL,
  `subtotal` decimal(10,2) NOT NULL,
  PRIMARY KEY (`id`),
  KEY `compra_id` (`compra_id`),
  KEY `producto_id` (`producto_id`),
  CONSTRAINT `detalle_compras_ibfk_1` FOREIGN KEY (`compra_id`) REFERENCES `compras` (`id`) ON DELETE CASCADE,
  CONSTRAINT `detalle_compras_ibfk_2` FOREIGN KEY (`producto_id`) REFERENCES `productos` (`id`)
) ENGINE=InnoDB AUTO_INCREMENT=2 DEFAULT CHARSET=utf8mb4 COLLATE=utf8mb4_unicode_ci;

-- Volcando datos para la tabla polleria_db.detalle_compras: ~0 rows (aproximadamente)
DELETE FROM `detalle_compras`;
INSERT INTO `detalle_compras` (`id`, `compra_id`, `producto_id`, `cantidad`, `precio_unitario`, `subtotal`) VALUES
	(1, 1, 16, 4.000, 3.50, 14.00);

-- Volcando estructura para tabla polleria_db.detalle_ventas
CREATE TABLE IF NOT EXISTS `detalle_ventas` (
  `id` int NOT NULL AUTO_INCREMENT,
  `venta_id` int NOT NULL,
  `producto_id` int NOT NULL,
  `cantidad` decimal(10,3) NOT NULL,
  `precio_unitario` decimal(10,2) NOT NULL,
  `descuento` decimal(10,2) DEFAULT '0.00',
  `subtotal` decimal(10,2) NOT NULL,
  PRIMARY KEY (`id`),
  KEY `venta_id` (`venta_id`),
  KEY `producto_id` (`producto_id`),
  CONSTRAINT `detalle_ventas_ibfk_1` FOREIGN KEY (`venta_id`) REFERENCES `ventas` (`id`) ON DELETE CASCADE,
  CONSTRAINT `detalle_ventas_ibfk_2` FOREIGN KEY (`producto_id`) REFERENCES `productos` (`id`)
) ENGINE=InnoDB AUTO_INCREMENT=6 DEFAULT CHARSET=utf8mb4 COLLATE=utf8mb4_unicode_ci;

-- Volcando datos para la tabla polleria_db.detalle_ventas: ~4 rows (aproximadamente)
DELETE FROM `detalle_ventas`;
INSERT INTO `detalle_ventas` (`id`, `venta_id`, `producto_id`, `cantidad`, `precio_unitario`, `descuento`, `subtotal`) VALUES
	(1, 1, 2, 1.000, 24.00, 0.00, 24.00),
	(2, 1, 9, 1.000, 7.00, 0.00, 7.00),
	(3, 2, 3, 1.000, 13.00, 0.00, 13.00),
	(4, 3, 7, 1.000, 20.00, 0.00, 20.00),
	(5, 4, 5, 1.000, 65.00, 0.00, 65.00);

-- Volcando estructura para tabla polleria_db.inventario_movimientos
CREATE TABLE IF NOT EXISTS `inventario_movimientos` (
  `id` int NOT NULL AUTO_INCREMENT,
  `producto_id` int NOT NULL,
  `tipo` enum('entrada','salida','ajuste') COLLATE utf8mb4_unicode_ci NOT NULL,
  `cantidad` decimal(10,3) NOT NULL,
  `stock_anterior` decimal(10,3) DEFAULT NULL,
  `stock_nuevo` decimal(10,3) DEFAULT NULL,
  `motivo` varchar(200) COLLATE utf8mb4_unicode_ci DEFAULT NULL,
  `referencia_id` int DEFAULT NULL,
  `referencia_tipo` varchar(50) COLLATE utf8mb4_unicode_ci DEFAULT NULL,
  `usuario_id` int NOT NULL,
  `created_at` timestamp NULL DEFAULT CURRENT_TIMESTAMP,
  PRIMARY KEY (`id`),
  KEY `producto_id` (`producto_id`),
  KEY `usuario_id` (`usuario_id`),
  CONSTRAINT `inventario_movimientos_ibfk_1` FOREIGN KEY (`producto_id`) REFERENCES `productos` (`id`),
  CONSTRAINT `inventario_movimientos_ibfk_2` FOREIGN KEY (`usuario_id`) REFERENCES `usuarios` (`id`)
) ENGINE=InnoDB AUTO_INCREMENT=7 DEFAULT CHARSET=utf8mb4 COLLATE=utf8mb4_unicode_ci;

-- Volcando datos para la tabla polleria_db.inventario_movimientos: ~6 rows (aproximadamente)
DELETE FROM `inventario_movimientos`;
INSERT INTO `inventario_movimientos` (`id`, `producto_id`, `tipo`, `cantidad`, `stock_anterior`, `stock_nuevo`, `motivo`, `referencia_id`, `referencia_tipo`, `usuario_id`, `created_at`) VALUES
	(1, 2, 'salida', 1.000, 50.000, 49.000, 'Venta T-000001', 1, 'venta', 1, '2026-03-03 15:49:55'),
	(2, 9, 'salida', 1.000, 100.000, 99.000, 'Venta T-000001', 1, 'venta', 1, '2026-03-03 15:49:55'),
	(3, 16, 'entrada', 4.000, 10.000, 14.000, 'Compra 1', 1, 'compra', 1, '2026-03-03 15:55:42'),
	(4, 3, 'salida', 1.000, 50.000, 49.000, 'Venta T-000002', 2, 'venta', 1, '2026-03-03 16:06:14'),
	(5, 7, 'salida', 1.000, 50.000, 49.000, 'Venta T-000003', 3, 'venta', 1, '2026-03-03 16:06:37'),
	(6, 5, 'salida', 1.000, 30.000, 29.000, 'Venta T-000004', 4, 'venta', 1, '2026-03-03 17:15:20');

-- Volcando estructura para tabla polleria_db.notificaciones
CREATE TABLE IF NOT EXISTS `notificaciones` (
  `id` int NOT NULL AUTO_INCREMENT,
  `usuario_id` int DEFAULT NULL,
  `titulo` varchar(150) COLLATE utf8mb4_unicode_ci NOT NULL,
  `mensaje` text COLLATE utf8mb4_unicode_ci,
  `tipo` enum('info','warning','success','error') COLLATE utf8mb4_unicode_ci DEFAULT 'info',
  `leida` tinyint(1) DEFAULT '0',
  `created_at` timestamp NULL DEFAULT CURRENT_TIMESTAMP,
  PRIMARY KEY (`id`),
  KEY `usuario_id` (`usuario_id`),
  CONSTRAINT `notificaciones_ibfk_1` FOREIGN KEY (`usuario_id`) REFERENCES `usuarios` (`id`)
) ENGINE=InnoDB DEFAULT CHARSET=utf8mb4 COLLATE=utf8mb4_unicode_ci;

-- Volcando datos para la tabla polleria_db.notificaciones: ~0 rows (aproximadamente)
DELETE FROM `notificaciones`;

-- Volcando estructura para tabla polleria_db.pedidos
CREATE TABLE IF NOT EXISTS `pedidos` (
  `id` int NOT NULL AUTO_INCREMENT,
  `numero_pedido` varchar(20) COLLATE utf8mb4_unicode_ci DEFAULT NULL,
  `cliente_id` int DEFAULT NULL,
  `usuario_id` int NOT NULL,
  `repartidor_id` int DEFAULT NULL,
  `venta_id` int DEFAULT NULL,
  `direccion_entrega` text COLLATE utf8mb4_unicode_ci,
  `referencia` text COLLATE utf8mb4_unicode_ci,
  `costo_delivery` decimal(10,2) DEFAULT '0.00',
  `estado` enum('pendiente','preparando','en_camino','entregado','cancelado') COLLATE utf8mb4_unicode_ci DEFAULT 'pendiente',
  `notas` text COLLATE utf8mb4_unicode_ci,
  `tiempo_estimado` int DEFAULT '30',
  `created_at` timestamp NULL DEFAULT CURRENT_TIMESTAMP,
  `updated_at` timestamp NULL DEFAULT CURRENT_TIMESTAMP ON UPDATE CURRENT_TIMESTAMP,
  PRIMARY KEY (`id`),
  KEY `cliente_id` (`cliente_id`),
  KEY `usuario_id` (`usuario_id`),
  KEY `repartidor_id` (`repartidor_id`),
  KEY `venta_id` (`venta_id`),
  CONSTRAINT `pedidos_ibfk_1` FOREIGN KEY (`cliente_id`) REFERENCES `clientes` (`id`),
  CONSTRAINT `pedidos_ibfk_2` FOREIGN KEY (`usuario_id`) REFERENCES `usuarios` (`id`),
  CONSTRAINT `pedidos_ibfk_3` FOREIGN KEY (`repartidor_id`) REFERENCES `usuarios` (`id`),
  CONSTRAINT `pedidos_ibfk_4` FOREIGN KEY (`venta_id`) REFERENCES `ventas` (`id`)
) ENGINE=InnoDB DEFAULT CHARSET=utf8mb4 COLLATE=utf8mb4_unicode_ci;

-- Volcando datos para la tabla polleria_db.pedidos: ~0 rows (aproximadamente)
DELETE FROM `pedidos`;

-- Volcando estructura para tabla polleria_db.productos
CREATE TABLE IF NOT EXISTS `productos` (
  `id` int NOT NULL AUTO_INCREMENT,
  `nombre` varchar(150) COLLATE utf8mb4_unicode_ci NOT NULL,
  `descripcion` text COLLATE utf8mb4_unicode_ci,
  `precio` decimal(10,2) NOT NULL DEFAULT '0.00',
  `precio_costo` decimal(10,2) DEFAULT '0.00',
  `stock` int DEFAULT '0',
  `stock_minimo` int DEFAULT '5',
  `unidad` varchar(30) COLLATE utf8mb4_unicode_ci DEFAULT 'unidad',
  `imagen` varchar(255) COLLATE utf8mb4_unicode_ci DEFAULT NULL,
  `categoria_id` int DEFAULT NULL,
  `codigo` varchar(50) COLLATE utf8mb4_unicode_ci DEFAULT NULL,
  `activo` tinyint(1) DEFAULT '1',
  `featured` tinyint(1) DEFAULT '0',
  `created_at` timestamp NULL DEFAULT CURRENT_TIMESTAMP,
  `updated_at` timestamp NULL DEFAULT CURRENT_TIMESTAMP ON UPDATE CURRENT_TIMESTAMP,
  PRIMARY KEY (`id`),
  KEY `categoria_id` (`categoria_id`),
  CONSTRAINT `productos_ibfk_1` FOREIGN KEY (`categoria_id`) REFERENCES `categorias` (`id`)
) ENGINE=InnoDB AUTO_INCREMENT=17 DEFAULT CHARSET=utf8mb4 COLLATE=utf8mb4_unicode_ci;

-- Volcando datos para la tabla polleria_db.productos: ~16 rows (aproximadamente)
DELETE FROM `productos`;
INSERT INTO `productos` (`id`, `nombre`, `descripcion`, `precio`, `precio_costo`, `stock`, `stock_minimo`, `unidad`, `imagen`, `categoria_id`, `codigo`, `activo`, `featured`, `created_at`, `updated_at`) VALUES
	(1, 'Pollo Entero', 'Pollo a la brasa entero', 45.00, 28.00, 50, 5, 'unidad', NULL, 1, 'POLL-001', 1, 1, '2026-03-03 06:14:13', '2026-03-03 06:14:13'),
	(2, '1/2 Pollo', 'Media presa de pollo a la brasa', 24.00, 14.00, 49, 5, 'unidad', NULL, 1, 'POLL-002', 1, 1, '2026-03-03 06:14:13', '2026-03-03 15:49:55'),
	(3, '1/4 Pollo', 'Cuarto de pollo a la brasa', 13.00, 7.00, 49, 5, 'unidad', NULL, 1, 'POLL-003', 1, 1, '2026-03-03 06:14:13', '2026-03-03 16:06:14'),
	(4, 'Presa de Pollo', 'Presa individual de pollo a la brasa', 7.00, 3.50, 100, 5, 'unidad', NULL, 1, 'POLL-004', 1, 0, '2026-03-03 06:14:13', '2026-03-03 06:14:13'),
	(5, 'Combo Familiar', 'Pollo entero + 4 bebidas + papas grandes', 65.00, 38.00, 29, 5, 'combo', NULL, 2, 'COMB-001', 1, 1, '2026-03-03 06:14:13', '2026-03-03 17:15:20'),
	(6, 'Combo Pareja', '1/2 pollo + 2 bebidas + papas', 38.00, 22.00, 30, 5, 'combo', NULL, 2, 'COMB-002', 1, 1, '2026-03-03 06:14:13', '2026-03-03 06:14:13'),
	(7, 'Combo Personal', '1/4 pollo + 1 bebida + papas chicas', 20.00, 11.00, 49, 5, 'combo', NULL, 2, 'COMB-003', 1, 1, '2026-03-03 06:14:13', '2026-03-03 16:06:37'),
	(8, 'Gaseosa Personal', 'Gaseosa 500ml', 4.00, 2.00, 200, 5, 'unidad', NULL, 3, 'BEB-001', 1, 0, '2026-03-03 06:14:13', '2026-03-03 06:14:13'),
	(9, 'Gaseosa Litro', 'Gaseosa 1 litro', 7.00, 3.50, 99, 5, 'unidad', NULL, 3, 'BEB-002', 1, 0, '2026-03-03 06:14:13', '2026-03-03 15:49:55'),
	(10, 'Agua Mineral', 'Agua mineral 600ml', 3.00, 1.50, 150, 5, 'unidad', NULL, 3, 'BEB-003', 1, 0, '2026-03-03 06:14:13', '2026-03-03 06:14:13'),
	(11, 'Papas Grandes', 'Porci├│n grande de papas fritas', 12.00, 5.00, 80, 5, 'porci├│n', NULL, 4, 'GUAR-001', 1, 0, '2026-03-03 06:14:13', '2026-03-03 06:14:13'),
	(12, 'Papas Chicas', 'Porci├│n chica de papas fritas', 7.00, 3.00, 80, 5, 'porci├│n', NULL, 4, 'GUAR-002', 1, 0, '2026-03-03 06:14:13', '2026-03-03 06:14:13'),
	(13, 'Ensalada', 'Ensalada fresca de la casa', 6.00, 2.50, 60, 5, 'porci├│n', NULL, 4, 'GUAR-003', 1, 0, '2026-03-03 06:14:13', '2026-03-03 06:14:13'),
	(14, 'Crema Huanca├¡na', 'Salsa huanca├¡na casera', 3.00, 1.00, 100, 5, 'porci├│n', NULL, 5, 'EXT-001', 1, 0, '2026-03-03 06:14:13', '2026-03-03 06:14:13'),
	(15, 'Salsa Criolla', 'Salsa criolla tradicional', 2.00, 0.50, 100, 5, 'porci├│n', NULL, 5, 'EXT-002', 1, 0, '2026-03-03 06:14:13', '2026-03-03 06:14:13'),
	(16, 'producto 1', 'producto uno de prueba', 10.00, 7.00, 14, 5, 'unidad', '/uploads/1772552924505-Overtime-80_icon-icons.com_57296.png', 3, '101010', 1, 0, '2026-03-03 15:48:44', '2026-03-03 15:55:42');

-- Volcando estructura para tabla polleria_db.promociones
CREATE TABLE IF NOT EXISTS `promociones` (
  `id` int NOT NULL AUTO_INCREMENT,
  `nombre` varchar(100) COLLATE utf8mb4_unicode_ci NOT NULL,
  `tipo` enum('porcentaje','monto_fijo') COLLATE utf8mb4_unicode_ci NOT NULL DEFAULT 'porcentaje',
  `valor` decimal(10,2) NOT NULL,
  `aplicacion` enum('general','producto','categoria') COLLATE utf8mb4_unicode_ci NOT NULL DEFAULT 'general',
  `producto_id` int DEFAULT NULL,
  `categoria_id` int DEFAULT NULL,
  `fecha_inicio` date DEFAULT NULL,
  `fecha_fin` date DEFAULT NULL,
  `dias_semana` varchar(50) COLLATE utf8mb4_unicode_ci DEFAULT '0,1,2,3,4,5,6',
  `activo` tinyint(1) DEFAULT '1',
  `created_at` timestamp NULL DEFAULT CURRENT_TIMESTAMP,
  `updated_at` timestamp NULL DEFAULT CURRENT_TIMESTAMP ON UPDATE CURRENT_TIMESTAMP,
  PRIMARY KEY (`id`),
  KEY `producto_id` (`producto_id`),
  KEY `categoria_id` (`categoria_id`),
  CONSTRAINT `promociones_ibfk_1` FOREIGN KEY (`producto_id`) REFERENCES `productos` (`id`) ON DELETE SET NULL,
  CONSTRAINT `promociones_ibfk_2` FOREIGN KEY (`categoria_id`) REFERENCES `categorias` (`id`) ON DELETE SET NULL
) ENGINE=InnoDB DEFAULT CHARSET=utf8mb4 COLLATE=utf8mb4_unicode_ci;

-- Volcando datos para la tabla polleria_db.promociones: ~0 rows (aproximadamente)
DELETE FROM `promociones`;

-- Volcando estructura para tabla polleria_db.proveedores
CREATE TABLE IF NOT EXISTS `proveedores` (
  `id` int NOT NULL AUTO_INCREMENT,
  `nombre` varchar(150) COLLATE utf8mb4_unicode_ci NOT NULL,
  `ruc` varchar(20) COLLATE utf8mb4_unicode_ci DEFAULT NULL,
  `contacto` varchar(100) COLLATE utf8mb4_unicode_ci DEFAULT NULL,
  `telefono` varchar(20) COLLATE utf8mb4_unicode_ci DEFAULT NULL,
  `email` varchar(100) COLLATE utf8mb4_unicode_ci DEFAULT NULL,
  `direccion` text COLLATE utf8mb4_unicode_ci,
  `productos_suministra` text COLLATE utf8mb4_unicode_ci,
  `activo` tinyint(1) DEFAULT '1',
  `created_at` timestamp NULL DEFAULT CURRENT_TIMESTAMP,
  `updated_at` timestamp NULL DEFAULT CURRENT_TIMESTAMP ON UPDATE CURRENT_TIMESTAMP,
  PRIMARY KEY (`id`)
) ENGINE=InnoDB AUTO_INCREMENT=5 DEFAULT CHARSET=utf8mb4 COLLATE=utf8mb4_unicode_ci;

-- Volcando datos para la tabla polleria_db.proveedores: ~4 rows (aproximadamente)
DELETE FROM `proveedores`;
INSERT INTO `proveedores` (`id`, `nombre`, `ruc`, `contacto`, `telefono`, `email`, `direccion`, `productos_suministra`, `activo`, `created_at`, `updated_at`) VALUES
	(1, 'Av├¡cola Don Pedro', '20111222333', 'Pedro Ram├¡rez', '987-111-222', NULL, NULL, 'Pollos vivos y beneficiados', 1, '2026-03-03 06:14:13', '2026-03-03 06:14:13'),
	(2, 'Distribuidora de Gas Lima', '20444555666', 'Juan L├│pez', '987-333-444', NULL, NULL, 'Gas GLP para cocina', 1, '2026-03-03 06:14:13', '2026-03-03 06:14:13'),
	(3, 'Papas del Norte SAC', '20777888999', 'Rosa D├¡az', '987-555-666', NULL, NULL, 'Papas y tub├®rculos', 1, '2026-03-03 06:14:13', '2026-03-03 06:14:13'),
	(4, 'Coca-Cola Servicios', '20123789456', 'Carlos Vega', '01-888-9999', NULL, NULL, 'Bebidas y gaseosas', 1, '2026-03-03 06:14:13', '2026-03-03 06:14:13');

-- Volcando estructura para tabla polleria_db.roles
CREATE TABLE IF NOT EXISTS `roles` (
  `id` int NOT NULL AUTO_INCREMENT,
  `nombre` varchar(50) COLLATE utf8mb4_unicode_ci NOT NULL,
  `descripcion` varchar(150) COLLATE utf8mb4_unicode_ci DEFAULT NULL,
  `created_at` timestamp NULL DEFAULT CURRENT_TIMESTAMP,
  `updated_at` timestamp NULL DEFAULT CURRENT_TIMESTAMP ON UPDATE CURRENT_TIMESTAMP,
  PRIMARY KEY (`id`),
  UNIQUE KEY `nombre` (`nombre`)
) ENGINE=InnoDB AUTO_INCREMENT=5 DEFAULT CHARSET=utf8mb4 COLLATE=utf8mb4_unicode_ci;

-- Volcando datos para la tabla polleria_db.roles: ~4 rows (aproximadamente)
DELETE FROM `roles`;
INSERT INTO `roles` (`id`, `nombre`, `descripcion`, `created_at`, `updated_at`) VALUES
	(1, 'administrador', 'Acceso completo al sistema', '2026-03-03 06:14:13', '2026-03-03 06:14:13'),
	(2, 'cajero', 'Gesti├│n de ventas y caja', '2026-03-03 06:14:13', '2026-03-03 06:14:13'),
	(3, 'cocinero', 'Vista de pedidos en cocina', '2026-03-03 06:14:13', '2026-03-03 06:14:13'),
	(4, 'repartidor', 'Gesti├│n de pedidos delivery', '2026-03-03 06:14:13', '2026-03-03 06:14:13');

-- Volcando estructura para tabla polleria_db.usuarios
CREATE TABLE IF NOT EXISTS `usuarios` (
  `id` int NOT NULL AUTO_INCREMENT,
  `nombre` varchar(100) COLLATE utf8mb4_unicode_ci NOT NULL,
  `email` varchar(100) COLLATE utf8mb4_unicode_ci NOT NULL,
  `password` varchar(255) COLLATE utf8mb4_unicode_ci NOT NULL,
  `rol_id` int NOT NULL DEFAULT '2',
  `activo` tinyint(1) DEFAULT '1',
  `avatar` varchar(255) COLLATE utf8mb4_unicode_ci DEFAULT NULL,
  `created_at` timestamp NULL DEFAULT CURRENT_TIMESTAMP,
  `updated_at` timestamp NULL DEFAULT CURRENT_TIMESTAMP ON UPDATE CURRENT_TIMESTAMP,
  PRIMARY KEY (`id`),
  UNIQUE KEY `email` (`email`),
  KEY `rol_id` (`rol_id`),
  CONSTRAINT `usuarios_ibfk_1` FOREIGN KEY (`rol_id`) REFERENCES `roles` (`id`)
) ENGINE=InnoDB AUTO_INCREMENT=3 DEFAULT CHARSET=utf8mb4 COLLATE=utf8mb4_unicode_ci;

-- Volcando datos para la tabla polleria_db.usuarios: ~2 rows (aproximadamente)
DELETE FROM `usuarios`;
INSERT INTO `usuarios` (`id`, `nombre`, `email`, `password`, `rol_id`, `activo`, `avatar`, `created_at`, `updated_at`) VALUES
	(1, 'Administrador', 'admin@polleria.com', '$2a$10$DoPacu3xEuwgabQBxYxa2eek1xult5k1yEeR9xrhTp8DNF0SL.scK', 1, 1, NULL, '2026-03-03 06:14:13', '2026-03-03 06:44:51'),
	(2, 'Cajero Demo', 'cajero@polleria.com', '$2a$10$DoPacu3xEuwgabQBxYxa2eek1xult5k1yEeR9xrhTp8DNF0SL.scK', 2, 1, NULL, '2026-03-03 06:14:13', '2026-03-03 06:44:51');

-- Volcando estructura para tabla polleria_db.ventas
CREATE TABLE IF NOT EXISTS `ventas` (
  `id` int NOT NULL AUTO_INCREMENT,
  `numero_comprobante` varchar(20) COLLATE utf8mb4_unicode_ci DEFAULT NULL,
  `tipo_comprobante` enum('boleta','factura','nota','ticket') COLLATE utf8mb4_unicode_ci DEFAULT 'ticket',
  `tipo_venta` enum('local','llevar','delivery') COLLATE utf8mb4_unicode_ci DEFAULT 'local',
  `cliente_id` int DEFAULT NULL,
  `usuario_id` int NOT NULL,
  `caja_id` int DEFAULT NULL,
  `subtotal` decimal(10,2) NOT NULL DEFAULT '0.00',
  `igv` decimal(10,2) DEFAULT '0.00',
  `descuento` decimal(10,2) DEFAULT '0.00',
  `total` decimal(10,2) NOT NULL DEFAULT '0.00',
  `metodo_pago` enum('efectivo','tarjeta','yape','plin','transferencia','mixto') COLLATE utf8mb4_unicode_ci DEFAULT 'efectivo',
  `monto_recibido` decimal(10,2) DEFAULT '0.00',
  `vuelto` decimal(10,2) DEFAULT '0.00',
  `estado` enum('pendiente','completada','anulada') COLLATE utf8mb4_unicode_ci DEFAULT 'completada',
  `observaciones` text COLLATE utf8mb4_unicode_ci,
  `created_at` timestamp NULL DEFAULT CURRENT_TIMESTAMP,
  `updated_at` timestamp NULL DEFAULT CURRENT_TIMESTAMP ON UPDATE CURRENT_TIMESTAMP,
  PRIMARY KEY (`id`),
  KEY `cliente_id` (`cliente_id`),
  KEY `usuario_id` (`usuario_id`),
  KEY `caja_id` (`caja_id`),
  CONSTRAINT `ventas_ibfk_1` FOREIGN KEY (`cliente_id`) REFERENCES `clientes` (`id`),
  CONSTRAINT `ventas_ibfk_2` FOREIGN KEY (`usuario_id`) REFERENCES `usuarios` (`id`),
  CONSTRAINT `ventas_ibfk_3` FOREIGN KEY (`caja_id`) REFERENCES `caja` (`id`)
) ENGINE=InnoDB AUTO_INCREMENT=5 DEFAULT CHARSET=utf8mb4 COLLATE=utf8mb4_unicode_ci;

-- Volcando datos para la tabla polleria_db.ventas: ~2 rows (aproximadamente)
DELETE FROM `ventas`;
INSERT INTO `ventas` (`id`, `numero_comprobante`, `tipo_comprobante`, `tipo_venta`, `cliente_id`, `usuario_id`, `caja_id`, `subtotal`, `igv`, `descuento`, `total`, `metodo_pago`, `monto_recibido`, `vuelto`, `estado`, `observaciones`, `created_at`, `updated_at`) VALUES
	(1, 'T-000001', 'ticket', 'local', NULL, 1, 1, 25.42, 5.58, 0.00, 31.00, 'efectivo', 50.00, 19.00, 'completada', NULL, '2026-03-03 15:49:55', '2026-03-03 15:49:55'),
	(2, 'T-000002', 'ticket', 'local', NULL, 1, 1, 10.66, 2.34, 0.00, 13.00, 'yape', 0.00, 0.00, 'completada', NULL, '2026-03-03 16:06:14', '2026-03-03 16:06:14'),
	(3, 'T-000003', 'ticket', 'local', NULL, 1, 1, 16.40, 3.60, 0.00, 20.00, 'plin', 0.00, 0.00, 'completada', NULL, '2026-03-03 16:06:37', '2026-03-03 16:06:37'),
	(4, 'T-000004', 'ticket', 'local', 1, 1, 1, 53.30, 11.70, 0.00, 65.00, 'tarjeta', 0.00, 0.00, 'completada', NULL, '2026-03-03 17:15:20', '2026-03-03 17:15:20');

/*!40103 SET TIME_ZONE=IFNULL(@OLD_TIME_ZONE, 'system') */;
/*!40101 SET SQL_MODE=IFNULL(@OLD_SQL_MODE, '') */;
/*!40014 SET FOREIGN_KEY_CHECKS=IFNULL(@OLD_FOREIGN_KEY_CHECKS, 1) */;
/*!40101 SET CHARACTER_SET_CLIENT=@OLD_CHARACTER_SET_CLIENT */;
/*!40111 SET SQL_NOTES=IFNULL(@OLD_SQL_NOTES, 1) */;
